2020-10-16 12:42:54,4C:E5,2020-10-16 12:42:53,NORMAL,25.5,41.0,0.0,0,0,1970-01-01 05:00:00,0,0.0,0,0,1970-01-01 05:00:00,0
2020-10-16 12:42:55,4C:E5,2020-10-16 12:42:53,NORMAL,25.5,41.0,0.0,0,0,1970-01-01 05:00:00,0,0.0,0,0,1970-01-01 05:00:00,0
2020-10-16 12:42:56,4C:E5,2020-10-16 12:42:53,NORMAL,25.5,41.0,0.0,0,0,1970-01-01 05:00:00,0,0.0,0,0,1970-01-01 05:00:00,0
2020-10-16 12:42:57,4C:E5,2020-10-16 12:42:53,NORMAL,26.0,41.0,0.0,0,0,1970-01-01 05:00:00,0,0.0,0,0,1970-01-01 05:00:00,0
2020-10-16 12:42:58,4C:E5,2020-10-16 12:42:53,NORMAL,26.0,41.0,0.0,0,0,1970-01-01 05:00:00,0,0.0,0,0,1970-01-01 05:00:00,0
2020-10-16 12:42:59,4C:E5,2020-10-16 12:42:53,NORMAL,26.0,41.0,0.0,0,0,1970-01-01 05:00:00,0,0.0,0,0,1970-01-01 05:00:00,0
2020-10-16 12:43:00,4C:E5,2020-10-16 12:42:53,NORMAL,26.0,41.0,0.0,0,0,1970-01-01 05:00:00,0,0.0,0,0,1970-01-01 05:00:00,0
2020-10-16 12:43:01,4C:E5,2020-10-16 12:42:53,NORMAL,26.0,41.0,0.0,0,0,1970-01-01 05:00:00,0,0.0,0,0,1970-01-01 05:00:00,0
2020-10-16 12:43:02,4C:E5,2020-10-16 12:42:53,NORMAL,26.0,41.0,0.0,0,0,1970-01-01 05:00:00,0,0.0,0,0,1970-01-01 05:00:00,0
2020-10-16 12:43:03,4C:E5,2020-10-16 12:42:53,NORMAL,26.0,41.0,0.0,0,0,1970-01-01 05:00:00,0,0.0,0,0,1970-01-01 05:00:00,0
2020-10-16 12:43:04,4C:E5,2020-10-16 12:42:53,NORMAL,26.0,41.0,0.0,0,0,1970-01-01 05:00:00,0,0.0,0,0,1970-01-01 05:00:00,0
2020-10-16 12:43:05,4C:E5,2020-10-16 12:42:53,NORMAL,26.0,41.0,0.0,0,0,1970-01-01 05:00:00,0,0.0,0,0,1970-01-01 05:00:00,0
2020-10-16 12:43:06,4C:E5,2020-10-16 12:42:53,NORMAL,26.0,41.0,0.0,0,0,1970-01-01 05:00:00,0,0.0,0,0,1970-01-01 05:00:00,0
2020-10-16 12:43:07,4C:E5,2020-10-16 12:42:53,NORMAL,26.0,41.0,0.0,0,0,1970-01-01 05:00:00,0,0.0,0,0,1970-01-01 05:00:00,0
2020-10-16 12:43:08,4C:E5,2020-10-16 12:42:53,NORMAL,26.0,41.0,0.0,0,0,1970-01-01 05:00:00,0,0.0,0,0,1970-01-01 05:00:00,0
2020-10-16 12:43:09,4C:E5,2020-10-16 12:42:53,NORMAL,26.0,41.0,0.0,0,0,1970-01-01 05:00:00,0,0.0,0,0,1970-01-01 05:00:00,0
2020-10-16 12:43:09,4C:E5,2020-10-16 12:42:53,NORMAL,26.0,41.0,0.08,0,0,2020-10-16 12:43:09,0,0.04,0,0,2020-10-16 12:43:09,0
2020-10-16 12:43:10,4C:E5,2020-10-16 12:42:53,NORMAL,26.0,41.0,0.36,0,0,2020-10-16 12:43:09,0,0.26,0,0,2020-10-16 12:43:09,0
2020-10-16 12:43:11,4C:E5,2020-10-16 12:42:53,NORMAL,26.0,40.9,0.54,0,0,2020-10-16 12:43:09,1,0.47,0,0,2020-10-16 12:43:09,1
2020-10-16 12:43:12,4C:E5,2020-10-16 12:42:53,NORMAL,26.0,40.9,0.6,0,0,2020-10-16 12:43:09,2,0.48,0,0,2020-10-16 12:43:09,2
2020-10-16 12:43:13,4C:E5,2020-10-16 12:42:53,NORMAL,26.0,40.9,0.62,0,0,2020-10-16 12:43:09,3,0.45,0,0,2020-10-16 12:43:09,3
2020-10-16 12:43:14,4C:E5,2020-10-16 12:42:53,NORMAL,26.1,40.9,0.58,0,0,2020-10-16 12:43:09,4,0.46,0,0,2020-10-16 12:43:09,4
2020-10-16 12:43:15,4C:E5,2020-10-16 12:42:53,NORMAL,26.1,40.9,0.54,0,0,2020-10-16 12:43:09,5,0.45,0,0,2020-10-16 12:43:09,5
2020-10-16 12:43:16,4C:E5,2020-10-16 12:42:53,NORMAL,26.1,40.9,0.51,0,0,2020-10-16 12:43:09,6,0.45,0,0,2020-10-16 12:43:09,6
2020-10-16 12:43:16,4C:E5,2020-10-16 12:42:53,NORMAL,26.1,40.9,0.52,0,0,2020-10-16 12:43:09,6,0.49,0,0,2020-10-16 12:43:09,6
2020-10-16 12:43:17,4C:E5,2020-10-16 12:42:53,NORMAL,26.1,40.9,0.56,0,0,2020-10-16 12:43:09,7,0.48,0,0,2020-10-16 12:43:09,7
2020-10-16 12:43:18,4C:E5,2020-10-16 12:42:53,NORMAL,26.1,40.9,0.58,0,0,2020-10-16 12:43:09,8,0.47,0,0,2020-10-16 12:43:09,8
2020-10-16 12:43:19,4C:E5,2020-10-16 12:42:53,NORMAL,26.1,40.9,0.52,0,0,2020-10-16 12:43:09,9,0.5,0,0,2020-10-16 12:43:09,9
2020-10-16 12:43:20,4C:E5,2020-10-16 12:42:53,NORMAL,26.1,40.9,0.48,0,0,2020-10-16 12:43:09,10,0.48,0,0,2020-10-16 12:43:09,10
2020-10-16 12:43:21,4C:E5,2020-10-16 12:42:53,NORMAL,26.1,40.8,0.52,0,0,2020-10-16 12:43:09,11,0.38,0,0,2020-10-16 12:43:09,11
2020-10-16 12:43:22,4C:E5,2020-10-16 12:42:53,NORMAL,26.1,40.8,0.57,0,0,2020-10-16 12:43:09,12,0.52,0,0,2020-10-16 12:43:09,12
2020-10-16 12:43:23,4C:E5,2020-10-16 12:42:53,NORMAL,26.1,40.8,0.52,0,0,2020-10-16 12:43:09,13,0.51,0,0,2020-10-16 12:43:09,13
2020-10-16 12:43:24,4C:E5,2020-10-16 12:42:53,NORMAL,26.1,40.8,0.56,0,0,2020-10-16 12:43:09,14,0.52,0,0,2020-10-16 12:43:09,14
2020-10-16 12:43:25,4C:E5,2020-10-16 12:42:53,NORMAL,26.1,40.8,0.52,0,0,2020-10-16 12:43:09,15,0.49,0,0,2020-10-16 12:43:09,15
2020-10-16 12:43:26,4C:E5,2020-10-16 12:42:53,NORMAL,26.1,40.8,0.57,0,0,2020-10-16 12:43:09,16,0.49,0,0,2020-10-16 12:43:09,16
2020-10-16 12:43:27,4C:E5,2020-10-16 12:42:53,NORMAL,26.1,40.8,0.57,0,0,2020-10-16 12:43:09,17,0.49,0,0,2020-10-16 12:43:09,17
2020-10-16 12:43:28,4C:E5,2020-10-16 12:42:53,NORMAL,26.1,40.7,0.52,0,0,2020-10-16 12:43:09,18,0.49,0,0,2020-10-16 12:43:09,18
2020-10-16 12:43:29,4C:E5,2020-10-16 12:42:53,NORMAL,26.1,40.7,0.55,0,0,2020-10-16 12:43:09,19,0.52,0,0,2020-10-16 12:43:09,19
2020-10-16 12:43:30,4C:E5,2020-10-16 12:42:53,NORMAL,26.1,40.7,0.61,0,0,2020-10-16 12:43:09,20,0.49,0,0,2020-10-16 12:43:09,20
2020-10-16 12:43:31,4C:E5,2020-10-16 12:42:53,NORMAL,26.1,40.7,0.61,0,0,2020-10-16 12:43:09,21,0.42,0,0,2020-10-16 12:43:09,21
2020-10-16 12:43:32,4C:E5,2020-10-16 12:42:53,NORMAL,26.1,40.7,0.58,0,0,2020-10-16 12:43:09,22,0.5,0,0,2020-10-16 12:43:09,22
2020-10-16 12:43:33,4C:E5,2020-10-16 12:42:53,NORMAL,26.1,40.7,0.55,0,0,2020-10-16 12:43:09,23,0.51,0,0,2020-10-16 12:43:09,23
2020-10-16 12:43:34,4C:E5,2020-10-16 12:42:53,NORMAL,26.1,40.7,0.56,0,0,2020-10-16 12:43:09,24,0.44,0,0,2020-10-16 12:43:09,24
2020-10-16 12:43:35,4C:E5,2020-10-16 12:42:53,NORMAL,26.1,40.6,0.56,0,0,2020-10-16 12:43:09,25,0.49,0,0,2020-10-16 12:43:09,25
2020-10-16 12:43:36,4C:E5,2020-10-16 12:42:53,NORMAL,26.1,40.6,0.58,0,0,2020-10-16 12:43:09,26,0.46,0,0,2020-10-16 12:43:09,26
2020-10-16 12:43:37,4C:E5,2020-10-16 12:42:53,NORMAL,26.1,40.6,0.55,0,0,2020-10-16 12:43:09,27,0.49,0,0,2020-10-16 12:43:09,27
2020-10-16 12:43:38,4C:E5,2020-10-16 12:42:53,NORMAL,26.1,40.6,0.56,0,0,2020-10-16 12:43:09,28,0.47,0,0,2020-10-16 12:43:09,28
2020-10-16 12:43:39,4C:E5,2020-10-16 12:42:53,NORMAL,26.2,40.5,0.51,0,0,2020-10-16 12:43:09,29,0.5,0,0,2020-10-16 12:43:09,29
2020-10-16 12:43:40,4C:E5,2020-10-16 12:42:53,NORMAL,26.2,40.5,0.52,0,0,2020-10-16 12:43:09,30,0.42,0,0,2020-10-16 12:43:09,30
2020-10-16 12:43:41,4C:E5,2020-10-16 12:42:53,NORMAL,26.2,40.5,0.54,0,0,2020-10-16 12:43:09,31,0.4,0,0,2020-10-16 12:43:09,31
2020-10-16 12:43:42,4C:E5,2020-10-16 12:42:53,NORMAL,26.1,40.5,0.56,0,0,2020-10-16 12:43:09,32,0.47,0,0,2020-10-16 12:43:09,32
2020-10-16 12:43:43,4C:E5,2020-10-16 12:42:53,NORMAL,26.1,40.5,0.58,0,0,2020-10-16 12:43:09,33,0.5,0,0,2020-10-16 12:43:09,33
2020-10-16 12:43:44,4C:E5,2020-10-16 12:42:53,NORMAL,26.1,40.5,0.55,0,0,2020-10-16 12:43:09,34,0.47,0,0,2020-10-16 12:43:09,34
2020-10-16 12:43:45,4C:E5,2020-10-16 12:42:53,NORMAL,26.1,40.5,0.52,0,0,2020-10-16 12:43:09,35,0.49,0,0,2020-10-16 12:43:09,35
2020-10-16 12:43:46,4C:E5,2020-10-16 12:42:53,NORMAL,26.2,40.5,0.52,0,0,2020-10-16 12:43:09,36,0.47,0,0,2020-10-16 12:43:09,36
2020-10-16 12:43:47,4C:E5,2020-10-16 12:42:53,NORMAL,26.2,40.5,0.55,0,0,2020-10-16 12:43:09,37,0.51,0,0,2020-10-16 12:43:09,37
2020-10-16 12:43:48,4C:E5,2020-10-16 12:42:53,NORMAL,26.2,40.5,0.5,0,0,2020-10-16 12:43:09,38,0.5,0,0,2020-10-16 12:43:09,38
2020-10-16 12:43:49,4C:E5,2020-10-16 12:42:53,NORMAL,26.2,40.4,0.47,0,0,2020-10-16 12:43:09,39,0.49,0,0,2020-10-16 12:43:09,39
2020-10-16 12:43:50,4C:E5,2020-10-16 12:42:53,NORMAL,26.2,40.4,0.51,0,0,2020-10-16 12:43:09,40,0.49,0,0,2020-10-16 12:43:09,40
2020-10-16 12:43:51,4C:E5,2020-10-16 12:42:53,NORMAL,26.2,40.4,0.52,0,0,2020-10-16 12:43:09,41,0.48,0,0,2020-10-16 12:43:09,41
2020-10-16 12:43:52,4C:E5,2020-10-16 12:42:53,NORMAL,26.2,40.4,0.56,0,0,2020-10-16 12:43:09,42,0.44,0,0,2020-10-16 12:43:09,42
2020-10-16 12:43:53,4C:E5,2020-10-16 12:42:53,NORMAL,26.2,40.4,0.47,0,0,2020-10-16 12:43:09,43,0.35,0,0,2020-10-16 12:43:09,43
2020-10-16 12:43:54,4C:E5,2020-10-16 12:42:53,NORMAL,26.2,40.4,0.54,0,0,2020-10-16 12:43:09,44,0.49,0,0,2020-10-16 12:43:09,44
2020-10-16 12:43:55,4C:E5,2020-10-16 12:42:53,NORMAL,26.2,40.4,0.52,0,0,2020-10-16 12:43:09,45,0.42,0,0,2020-10-16 12:43:09,45
2020-10-16 12:43:56,4C:E5,2020-10-16 12:42:53,NORMAL,26.2,40.3,0.56,0,0,2020-10-16 12:43:09,46,0.43,0,0,2020-10-16 12:43:09,46
2020-10-16 12:43:57,4C:E5,2020-10-16 12:42:53,NORMAL,26.2,40.3,0.5,0,0,2020-10-16 12:43:09,47,0.44,0,0,2020-10-16 12:43:09,47
2020-10-16 12:43:58,4C:E5,2020-10-16 12:42:53,NORMAL,26.2,40.3,0.57,0,0,2020-10-16 12:43:09,48,0.4,0,0,2020-10-16 12:43:09,48
2020-10-16 12:43:59,4C:E5,2020-10-16 12:42:53,NORMAL,26.2,40.3,0.6,0,0,2020-10-16 12:43:09,49,0.49,0,0,2020-10-16 12:43:09,49
2020-10-16 12:44:00,4C:E5,2020-10-16 12:42:53,NORMAL,26.2,40.3,0.52,0,0,2020-10-16 12:43:09,50,0.47,0,0,2020-10-16 12:43:09,50
2020-10-16 12:44:01,4C:E5,2020-10-16 12:42:53,NORMAL,26.2,40.3,0.56,0,0,2020-10-16 12:43:09,51,0.46,0,0,2020-10-16 12:43:09,51
2020-10-16 12:44:02,4C:E5,2020-10-16 12:42:53,NORMAL,26.2,40.3,0.47,0,0,2020-10-16 12:43:09,52,0.35,0,0,2020-10-16 12:43:09,52
2020-10-16 12:44:03,4C:E5,2020-10-16 12:42:53,NORMAL,26.2,40.3,0.52,0,0,2020-10-16 12:43:09,53,0.43,0,0,2020-10-16 12:43:09,53
2020-10-16 12:44:04,4C:E5,2020-10-16 12:42:53,NORMAL,26.2,40.3,0.58,0,0,2020-10-16 12:43:09,54,0.44,0,0,2020-10-16 12:43:09,54
2020-10-16 12:44:05,4C:E5,2020-10-16 12:42:53,NORMAL,26.2,40.3,0.52,0,0,2020-10-16 12:43:09,55,0.49,0,0,2020-10-16 12:43:09,55
2020-10-16 12:44:06,4C:E5,2020-10-16 12:42:53,NORMAL,26.2,40.2,0.52,0,0,2020-10-16 12:43:09,56,0.43,0,0,2020-10-16 12:43:09,56
2020-10-16 12:44:07,4C:E5,2020-10-16 12:42:53,NORMAL,26.2,40.2,0.63,0,0,2020-10-16 12:43:09,57,0.49,0,0,2020-10-16 12:43:09,57
2020-10-16 12:44:08,4C:E5,2020-10-16 12:42:53,NORMAL,26.2,40.2,0.54,0,0,2020-10-16 12:43:09,58,0.52,0,0,2020-10-16 12:43:09,58
2020-10-16 12:44:09,4C:E5,2020-10-16 12:42:53,NORMAL,26.2,40.2,0.58,0,0,2020-10-16 12:43:09,59,0.44,0,0,2020-10-16 12:43:09,59
2020-10-16 12:44:10,4C:E5,2020-10-16 12:42:53,NORMAL,26.2,40.2,0.57,0,0,2020-10-16 12:43:09,60,0.5,0,0,2020-10-16 12:43:09,60
2020-10-16 12:44:11,4C:E5,2020-10-16 12:42:53,NORMAL,26.2,40.2,0.51,0,0,2020-10-16 12:43:09,61,0.51,0,0,2020-10-16 12:43:09,61
2020-10-16 12:44:12,4C:E5,2020-10-16 12:42:53,NORMAL,26.2,40.2,0.52,0,0,2020-10-16 12:43:09,62,0.56,0,0,2020-10-16 12:43:09,62
2020-10-16 12:44:13,4C:E5,2020-10-16 12:42:53,NORMAL,26.2,40.2,0.55,0,0,2020-10-16 12:43:09,63,0.52,0,0,2020-10-16 12:43:09,63
2020-10-16 12:44:14,4C:E5,2020-10-16 12:42:53,NORMAL,26.2,40.2,0.55,0,0,2020-10-16 12:43:09,64,0.48,0,0,2020-10-16 12:43:09,64
2020-10-16 12:44:15,4C:E5,2020-10-16 12:42:53,NORMAL,26.2,40.2,0.57,0,0,2020-10-16 12:43:09,65,0.43,0,0,2020-10-16 12:43:09,65
2020-10-16 12:44:16,4C:E5,2020-10-16 12:42:53,NORMAL,26.2,40.2,0.55,0,0,2020-10-16 12:43:09,66,0.48,0,0,2020-10-16 12:43:09,66
2020-10-16 12:44:17,4C:E5,2020-10-16 12:42:53,NORMAL,26.2,40.2,0.5,0,0,2020-10-16 12:43:09,67,0.44,0,0,2020-10-16 12:43:09,67
2020-10-16 12:44:18,4C:E5,2020-10-16 12:42:53,NORMAL,26.2,40.2,0.47,0,0,2020-10-16 12:43:09,68,0.52,0,0,2020-10-16 12:43:09,68
2020-10-16 12:44:19,4C:E5,2020-10-16 12:42:53,NORMAL,26.2,40.2,0.64,0,0,2020-10-16 12:43:09,69,0.45,0,0,2020-10-16 12:43:09,69
2020-10-16 12:44:20,4C:E5,2020-10-16 12:42:53,NORMAL,26.2,40.2,0.55,0,0,2020-10-16 12:43:09,70,0.42,0,0,2020-10-16 12:43:09,70
2020-10-16 12:44:21,4C:E5,2020-10-16 12:42:53,NORMAL,26.2,40.2,0.55,0,0,2020-10-16 12:43:09,71,0.47,0,0,2020-10-16 12:43:09,71
2020-10-16 12:44:22,4C:E5,2020-10-16 12:42:53,NORMAL,26.2,40.2,0.52,0,0,2020-10-16 12:43:09,72,0.41,0,0,2020-10-16 12:43:09,72
2020-10-16 12:44:23,4C:E5,2020-10-16 12:42:53,NORMAL,26.2,40.2,0.54,0,0,2020-10-16 12:43:09,73,0.47,0,0,2020-10-16 12:43:09,73
2020-10-16 12:44:24,4C:E5,2020-10-16 12:42:53,NORMAL,26.2,40.2,0.5,0,0,2020-10-16 12:43:09,74,0.54,0,0,2020-10-16 12:43:09,74
2020-10-16 12:44:25,4C:E5,2020-10-16 12:42:53,NORMAL,26.2,40.2,0.5,0,0,2020-10-16 12:43:09,75,0.48,0,0,2020-10-16 12:43:09,75
2020-10-16 12:44:26,4C:E5,2020-10-16 12:42:53,NORMAL,26.2,40.2,0.52,0,0,2020-10-16 12:43:09,76,0.45,0,0,2020-10-16 12:43:09,76
2020-10-16 12:44:27,4C:E5,2020-10-16 12:42:53,NORMAL,26.2,40.1,0.54,0,0,2020-10-16 12:43:09,77,0.5,0,0,2020-10-16 12:43:09,77
2020-10-16 12:44:28,4C:E5,2020-10-16 12:42:53,NORMAL,26.2,40.1,0.52,0,0,2020-10-16 12:43:09,78,0.44,0,0,2020-10-16 12:43:09,78
2020-10-16 12:44:29,4C:E5,2020-10-16 12:42:53,NORMAL,26.2,40.1,0.52,0,0,2020-10-16 12:43:09,79,0.45,0,0,2020-10-16 12:43:09,79
2020-10-16 12:44:30,4C:E5,2020-10-16 12:42:53,NORMAL,26.2,40.1,0.48,0,0,2020-10-16 12:43:09,80,0.47,0,0,2020-10-16 12:43:09,80
2020-10-16 12:44:31,4C:E5,2020-10-16 12:42:53,NORMAL,26.2,40.1,0.55,0,0,2020-10-16 12:43:09,81,0.44,0,0,2020-10-16 12:43:09,81
2020-10-16 12:44:32,4C:E5,2020-10-16 12:42:53,NORMAL,26.2,40.1,0.54,0,0,2020-10-16 12:43:09,82,0.52,0,0,2020-10-16 12:43:09,82
2020-10-16 12:44:33,4C:E5,2020-10-16 12:42:53,NORMAL,26.2,40.1,0.52,0,0,2020-10-16 12:43:09,83,0.5,0,0,2020-10-16 12:43:09,83
2020-10-16 12:44:34,4C:E5,2020-10-16 12:42:53,NORMAL,26.3,40.1,0.56,0,0,2020-10-16 12:43:09,84,0.48,0,0,2020-10-16 12:43:09,84
2020-10-16 12:44:35,4C:E5,2020-10-16 12:42:53,NORMAL,26.3,40.1,0.58,0,0,2020-10-16 12:43:09,85,0.49,0,0,2020-10-16 12:43:09,85
2020-10-16 12:44:36,4C:E5,2020-10-16 12:42:53,NORMAL,26.3,40.1,0.58,0,0,2020-10-16 12:43:09,86,0.48,0,0,2020-10-16 12:43:09,86
2020-10-16 12:44:37,4C:E5,2020-10-16 12:42:53,NORMAL,26.3,40.1,0.61,0,0,2020-10-16 12:43:09,87,0.46,0,0,2020-10-16 12:43:09,87
2020-10-16 12:44:38,4C:E5,2020-10-16 12:42:53,NORMAL,26.3,40.2,0.52,0,0,2020-10-16 12:43:09,88,0.42,0,0,2020-10-16 12:43:09,88
2020-10-16 12:44:39,4C:E5,2020-10-16 12:42:53,NORMAL,26.3,40.2,0.67,0,0,2020-10-16 12:43:09,89,0.46,0,0,2020-10-16 12:43:09,89
2020-10-16 12:44:40,4C:E5,2020-10-16 12:42:53,NORMAL,26.3,40.2,0.62,0,0,2020-10-16 12:43:09,90,0.48,0,0,2020-10-16 12:43:09,90
2020-10-16 12:44:41,4C:E5,2020-10-16 12:42:53,NORMAL,26.2,40.1,0.63,0,0,2020-10-16 12:43:09,91,0.49,0,0,2020-10-16 12:43:09,91
2020-10-16 12:44:42,4C:E5,2020-10-16 12:42:53,NORMAL,26.2,40.1,0.56,0,0,2020-10-16 12:43:09,92,0.48,0,0,2020-10-16 12:43:09,92
2020-10-16 12:44:43,4C:E5,2020-10-16 12:42:53,NORMAL,26.2,40.1,0.54,0,0,2020-10-16 12:43:09,93,0.46,0,0,2020-10-16 12:43:09,93
2020-10-16 12:44:44,4C:E5,2020-10-16 12:42:53,NORMAL,26.2,40.1,0.55,0,0,2020-10-16 12:43:09,94,0.43,0,0,2020-10-16 12:43:09,94
2020-10-16 12:44:45,4C:E5,2020-10-16 12:42:53,NORMAL,26.2,40.1,0.5,0,0,2020-10-16 12:43:09,95,0.45,0,0,2020-10-16 12:43:09,95
2020-10-16 12:44:46,4C:E5,2020-10-16 12:42:53,NORMAL,26.2,40.1,0.51,0,0,2020-10-16 12:43:09,96,0.49,0,0,2020-10-16 12:43:09,96
2020-10-16 12:44:47,4C:E5,2020-10-16 12:42:53,NORMAL,26.2,40.1,0.57,0,0,2020-10-16 12:43:09,97,0.43,0,0,2020-10-16 12:43:09,97
2020-10-16 12:44:48,4C:E5,2020-10-16 12:42:53,NORMAL,26.3,40.1,0.48,0,0,2020-10-16 12:43:09,98,0.45,0,0,2020-10-16 12:43:09,98
2020-10-16 12:44:49,4C:E5,2020-10-16 12:42:53,NORMAL,26.3,40.1,0.58,0,0,2020-10-16 12:43:09,99,0.54,0,0,2020-10-16 12:43:09,99
2020-10-16 12:44:50,4C:E5,2020-10-16 12:42:53,NORMAL,26.3,40.1,0.51,0,0,2020-10-16 12:43:09,100,0.51,0,0,2020-10-16 12:43:09,100
2020-10-16 12:44:51,4C:E5,2020-10-16 12:42:53,NORMAL,26.3,40.1,0.51,0,0,2020-10-16 12:43:09,101,0.42,0,0,2020-10-16 12:43:09,101
2020-10-16 12:44:52,4C:E5,2020-10-16 12:42:53,NORMAL,26.3,40.1,0.5,0,0,2020-10-16 12:43:09,102,0.47,0,0,2020-10-16 12:43:09,102
2020-10-16 12:44:53,4C:E5,2020-10-16 12:42:53,NORMAL,26.3,40.1,0.43,0,0,2020-10-16 12:43:09,103,0.52,0,0,2020-10-16 12:43:09,103
2020-10-16 12:44:54,4C:E5,2020-10-16 12:42:53,NORMAL,26.3,40.1,0.47,0,0,2020-10-16 12:43:09,104,0.51,0,0,2020-10-16 12:43:09,104
2020-10-16 12:44:55,4C:E5,2020-10-16 12:42:53,NORMAL,26.2,40.1,0.48,0,0,2020-10-16 12:43:09,105,0.49,0,0,2020-10-16 12:43:09,105
2020-10-16 12:44:56,4C:E5,2020-10-16 12:42:53,NORMAL,26.2,40.1,0.49,0,0,2020-10-16 12:43:09,106,0.49,0,0,2020-10-16 12:43:09,106
2020-10-16 12:44:57,4C:E5,2020-10-16 12:42:53,NORMAL,26.2,40.1,0.51,0,0,2020-10-16 12:43:09,107,0.46,0,0,2020-10-16 12:43:09,107
2020-10-16 12:44:58,4C:E5,2020-10-16 12:42:53,NORMAL,26.2,40.1,0.5,0,0,2020-10-16 12:43:09,108,0.47,0,0,2020-10-16 12:43:09,108
2020-10-16 12:44:59,4C:E5,2020-10-16 12:42:53,NORMAL,26.3,40.0,0.56,0,0,2020-10-16 12:43:09,109,0.52,0,0,2020-10-16 12:43:09,109
2020-10-16 12:45:00,4C:E5,2020-10-16 12:42:53,NORMAL,26.3,40.0,0.56,0,0,2020-10-16 12:43:09,110,0.49,0,0,2020-10-16 12:43:09,110
2020-10-16 12:45:01,4C:E5,2020-10-16 12:42:53,NORMAL,26.3,40.0,0.54,0,0,2020-10-16 12:43:09,111,0.48,0,0,2020-10-16 12:43:09,111
2020-10-16 12:45:02,4C:E5,2020-10-16 12:42:53,NORMAL,26.3,40.0,0.52,0,0,2020-10-16 12:43:09,112,0.44,0,0,2020-10-16 12:43:09,112
2020-10-16 12:45:03,4C:E5,2020-10-16 12:42:53,NORMAL,26.3,40.0,0.61,0,0,2020-10-16 12:43:09,113,0.46,0,0,2020-10-16 12:43:09,113
2020-10-16 12:45:04,4C:E5,2020-10-16 12:42:53,NORMAL,26.3,40.0,0.54,0,0,2020-10-16 12:43:09,114,0.44,0,0,2020-10-16 12:43:09,114
2020-10-16 12:45:05,4C:E5,2020-10-16 12:42:53,NORMAL,26.2,40.0,0.56,0,0,2020-10-16 12:43:09,115,0.52,0,0,2020-10-16 12:43:09,115
2020-10-16 12:45:06,4C:E5,2020-10-16 12:42:53,NORMAL,26.2,40.0,0.56,0,0,2020-10-16 12:43:09,116,0.47,0,0,2020-10-16 12:43:09,116
2020-10-16 12:45:07,4C:E5,2020-10-16 12:42:53,NORMAL,26.2,40.0,0.58,0,0,2020-10-16 12:43:09,117,0.52,0,0,2020-10-16 12:43:09,117
2020-10-16 12:45:08,4C:E5,2020-10-16 12:42:53,NORMAL,26.2,40.0,0.47,0,0,2020-10-16 12:43:09,118,0.52,0,0,2020-10-16 12:43:09,118
2020-10-16 12:45:09,4C:E5,2020-10-16 12:42:53,NORMAL,26.3,39.9,0.57,0,0,2020-10-16 12:43:09,119,0.51,0,0,2020-10-16 12:43:09,119
2020-10-16 12:45:10,4C:E5,2020-10-16 12:42:53,NORMAL,26.3,39.9,0.54,0,0,2020-10-16 12:43:09,120,0.43,0,0,2020-10-16 12:43:09,120
2020-10-16 12:45:11,4C:E5,2020-10-16 12:42:53,NORMAL,26.3,39.9,0.55,0,0,2020-10-16 12:43:09,121,0.44,0,0,2020-10-16 12:43:09,121
2020-10-16 12:45:12,4C:E5,2020-10-16 12:42:53,NORMAL,26.2,39.8,0.54,0,0,2020-10-16 12:43:09,122,0.51,0,0,2020-10-16 12:43:09,122
2020-10-16 12:45:13,4C:E5,2020-10-16 12:42:53,NORMAL,26.2,39.8,0.56,0,0,2020-10-16 12:43:09,123,0.45,0,0,2020-10-16 12:43:09,123
2020-10-16 12:45:14,4C:E5,2020-10-16 12:42:53,NORMAL,26.2,39.8,0.56,0,0,2020-10-16 12:43:09,124,0.54,0,0,2020-10-16 12:43:09,124
2020-10-16 12:45:15,4C:E5,2020-10-16 12:42:53,NORMAL,26.2,39.8,0.55,0,0,2020-10-16 12:43:09,125,0.52,0,0,2020-10-16 12:43:09,125
2020-10-16 12:45:16,4C:E5,2020-10-16 12:42:53,NORMAL,26.3,39.8,0.58,0,0,2020-10-16 12:43:09,126,0.5,0,0,2020-10-16 12:43:09,126
2020-10-16 12:45:17,4C:E5,2020-10-16 12:42:53,NORMAL,26.3,39.8,0.58,0,0,2020-10-16 12:43:09,127,0.47,0,0,2020-10-16 12:43:09,127
2020-10-16 12:45:18,4C:E5,2020-10-16 12:42:53,NORMAL,26.3,39.8,0.55,0,0,2020-10-16 12:43:09,128,0.52,0,0,2020-10-16 12:43:09,128
2020-10-16 12:45:19,4C:E5,2020-10-16 12:42:53,NORMAL,26.2,39.8,0.52,0,0,2020-10-16 12:43:09,129,0.49,0,0,2020-10-16 12:43:09,129
2020-10-16 12:45:20,4C:E5,2020-10-16 12:42:53,NORMAL,26.2,39.8,0.56,0,0,2020-10-16 12:43:09,130,0.49,0,0,2020-10-16 12:43:09,130
2020-10-16 12:45:21,4C:E5,2020-10-16 12:42:53,NORMAL,26.2,39.8,0.51,0,0,2020-10-16 12:43:09,131,0.44,0,0,2020-10-16 12:43:09,131
2020-10-16 12:45:22,4C:E5,2020-10-16 12:42:53,NORMAL,26.2,39.8,0.52,0,0,2020-10-16 12:43:09,132,0.44,0,0,2020-10-16 12:43:09,132
2020-10-16 12:45:23,4C:E5,2020-10-16 12:42:53,NORMAL,26.3,39.8,0.54,0,0,2020-10-16 12:43:09,133,0.42,0,0,2020-10-16 12:43:09,133
2020-10-16 12:45:24,4C:E5,2020-10-16 12:42:53,NORMAL,26.3,39.8,0.54,0,0,2020-10-16 12:43:09,134,0.44,0,0,2020-10-16 12:43:09,134
2020-10-16 12:45:25,4C:E5,2020-10-16 12:42:53,NORMAL,26.3,39.8,0.58,0,0,2020-10-16 12:43:09,135,0.51,0,0,2020-10-16 12:43:09,135
2020-10-16 12:45:26,4C:E5,2020-10-16 12:42:53,NORMAL,26.3,39.8,0.56,0,0,2020-10-16 12:43:09,136,0.5,0,0,2020-10-16 12:43:09,136
2020-10-16 12:45:27,4C:E5,2020-10-16 12:42:53,NORMAL,26.3,39.8,0.58,0,0,2020-10-16 12:43:09,137,0.44,0,0,2020-10-16 12:43:09,137
2020-10-16 12:45:28,4C:E5,2020-10-16 12:42:53,NORMAL,26.3,39.8,0.56,0,0,2020-10-16 12:43:09,138,0.49,0,0,2020-10-16 12:43:09,138
2020-10-16 12:45:29,4C:E5,2020-10-16 12:42:53,NORMAL,26.3,39.8,0.55,0,0,2020-10-16 12:43:09,139,0.43,0,0,2020-10-16 12:43:09,139
2020-10-16 12:45:30,4C:E5,2020-10-16 12:42:53,NORMAL,26.3,39.8,0.52,0,0,2020-10-16 12:43:09,140,0.46,0,0,2020-10-16 12:43:09,140
2020-10-16 12:45:31,4C:E5,2020-10-16 12:42:53,NORMAL,26.3,39.8,0.57,0,0,2020-10-16 12:43:09,141,0.47,0,0,2020-10-16 12:43:09,141
2020-10-16 12:45:32,4C:E5,2020-10-16 12:42:53,NORMAL,26.3,39.8,0.52,0,0,2020-10-16 12:43:09,142,0.54,0,0,2020-10-16 12:43:09,142
2020-10-16 12:45:33,4C:E5,2020-10-16 12:42:53,NORMAL,26.3,39.8,0.56,0,0,2020-10-16 12:43:09,143,0.47,0,0,2020-10-16 12:43:09,143
2020-10-16 12:45:34,4C:E5,2020-10-16 12:42:53,NORMAL,26.3,39.8,0.52,0,0,2020-10-16 12:43:09,144,0.44,0,0,2020-10-16 12:43:09,144
2020-10-16 12:45:35,4C:E5,2020-10-16 12:42:53,NORMAL,26.3,39.8,0.6,0,0,2020-10-16 12:43:09,145,0.44,0,0,2020-10-16 12:43:09,145
2020-10-16 12:45:36,4C:E5,2020-10-16 12:42:53,NORMAL,26.3,39.8,0.55,0,0,2020-10-16 12:43:09,146,0.52,0,0,2020-10-16 12:43:09,146
2020-10-16 12:45:37,4C:E5,2020-10-16 12:42:53,NORMAL,26.3,39.8,0.56,0,0,2020-10-16 12:43:09,147,0.47,0,0,2020-10-16 12:43:09,147
2020-10-16 12:45:38,4C:E5,2020-10-16 12:42:53,NORMAL,26.3,39.8,0.56,0,0,2020-10-16 12:43:09,148,0.51,0,0,2020-10-16 12:43:09,148
2020-10-16 12:45:39,4C:E5,2020-10-16 12:42:53,NORMAL,26.3,39.8,0.57,0,0,2020-10-16 12:43:09,149,0.49,0,0,2020-10-16 12:43:09,149
2020-10-16 12:45:40,4C:E5,2020-10-16 12:42:53,NORMAL,26.3,39.9,0.5,0,0,2020-10-16 12:43:09,150,0.46,0,0,2020-10-16 12:43:09,150
2020-10-16 12:45:41,4C:E5,2020-10-16 12:42:53,NORMAL,26.3,39.9,0.51,0,0,2020-10-16 12:43:09,151,0.54,0,0,2020-10-16 12:43:09,151
2020-10-16 12:45:42,4C:E5,2020-10-16 12:42:53,NORMAL,26.3,39.9,0.57,0,0,2020-10-16 12:43:09,152,0.54,0,0,2020-10-16 12:43:09,152
2020-10-16 12:45:43,4C:E5,2020-10-16 12:42:53,NORMAL,26.3,39.9,0.61,0,0,2020-10-16 12:43:09,153,0.4,0,0,2020-10-16 12:43:09,153
2020-10-16 12:45:44,4C:E5,2020-10-16 12:42:53,NORMAL,26.2,39.9,0.52,0,0,2020-10-16 12:43:09,154,0.47,0,0,2020-10-16 12:43:09,154
2020-10-16 12:45:45,4C:E5,2020-10-16 12:42:53,NORMAL,26.2,39.9,0.52,0,0,2020-10-16 12:43:09,155,0.48,0,0,2020-10-16 12:43:09,155
2020-10-16 12:45:46,4C:E5,2020-10-16 12:42:53,NORMAL,26.2,39.9,0.57,0,0,2020-10-16 12:43:09,156,0.51,0,0,2020-10-16 12:43:09,156
2020-10-16 12:45:47,4C:E5,2020-10-16 12:42:53,NORMAL,26.3,39.8,0.54,0,0,2020-10-16 12:43:09,157,0.48,0,0,2020-10-16 12:43:09,157
2020-10-16 12:45:48,4C:E5,2020-10-16 12:42:53,NORMAL,26.3,39.8,0.58,0,0,2020-10-16 12:43:09,158,0.52,0,0,2020-10-16 12:43:09,158
2020-10-16 12:45:49,4C:E5,2020-10-16 12:42:53,NORMAL,26.3,39.8,0.51,0,0,2020-10-16 12:43:09,159,0.52,0,0,2020-10-16 12:43:09,159
2020-10-16 12:45:50,4C:E5,2020-10-16 12:42:53,NORMAL,26.3,39.8,0.58,0,0,2020-10-16 12:43:09,160,0.5,0,0,2020-10-16 12:43:09,160
2020-10-16 12:45:51,4C:E5,2020-10-16 12:42:53,NORMAL,26.3,39.9,0.55,0,0,2020-10-16 12:43:09,161,0.48,0,0,2020-10-16 12:43:09,161
2020-10-16 12:45:52,4C:E5,2020-10-16 12:42:53,NORMAL,26.3,39.9,0.61,0,0,2020-10-16 12:43:09,162,0.47,0,0,2020-10-16 12:43:09,162
2020-10-16 12:45:53,4C:E5,2020-10-16 12:42:53,NORMAL,26.3,39.9,0.56,0,0,2020-10-16 12:43:09,163,0.48,0,0,2020-10-16 12:43:09,163
2020-10-16 12:45:54,4C:E5,2020-10-16 12:42:53,NORMAL,26.3,39.9,0.52,0,0,2020-10-16 12:43:09,164,0.47,0,0,2020-10-16 12:43:09,164
2020-10-16 12:45:55,4C:E5,2020-10-16 12:42:53,NORMAL,26.3,39.9,0.58,0,0,2020-10-16 12:43:09,165,0.49,0,0,2020-10-16 12:43:09,165
2020-10-16 12:45:56,4C:E5,2020-10-16 12:42:53,NORMAL,26.3,39.9,0.52,0,0,2020-10-16 12:43:09,166,0.52,0,0,2020-10-16 12:43:09,166
2020-10-16 12:45:57,4C:E5,2020-10-16 12:42:53,NORMAL,26.3,39.9,0.52,0,0,2020-10-16 12:43:09,167,0.48,0,0,2020-10-16 12:43:09,167
2020-10-16 12:45:58,4C:E5,2020-10-16 12:42:53,NORMAL,26.3,39.9,0.48,0,0,2020-10-16 12:43:09,168,0.43,0,0,2020-10-16 12:43:09,168
2020-10-16 12:45:59,4C:E5,2020-10-16 12:42:53,NORMAL,26.3,39.9,0.56,0,0,2020-10-16 12:43:09,169,0.38,0,0,2020-10-16 12:43:09,169
2020-10-16 12:46:00,4C:E5,2020-10-16 12:42:53,NORMAL,26.3,39.9,0.51,0,0,2020-10-16 12:43:09,170,0.51,0,0,2020-10-16 12:43:09,170
2020-10-16 12:46:01,4C:E5,2020-10-16 12:42:53,NORMAL,26.2,39.8,0.52,0,0,2020-10-16 12:43:09,171,0.51,0,0,2020-10-16 12:43:09,171
2020-10-16 12:46:02,4C:E5,2020-10-16 12:42:53,NORMAL,26.2,39.8,0.52,0,0,2020-10-16 12:43:09,172,0.45,0,0,2020-10-16 12:43:09,172
2020-10-16 12:46:03,4C:E5,2020-10-16 12:42:53,NORMAL,26.2,39.8,0.55,0,0,2020-10-16 12:43:09,173,0.52,0,0,2020-10-16 12:43:09,173
2020-10-16 12:46:04,4C:E5,2020-10-16 12:42:53,NORMAL,26.2,39.8,0.49,0,0,2020-10-16 12:43:09,174,0.48,0,0,2020-10-16 12:43:09,174
2020-10-16 12:46:05,4C:E5,2020-10-16 12:42:53,NORMAL,26.3,39.9,0.48,0,0,2020-10-16 12:43:09,175,0.55,0,0,2020-10-16 12:43:09,175
2020-10-16 12:46:06,4C:E5,2020-10-16 12:42:53,NORMAL,26.3,39.9,0.46,0,0,2020-10-16 12:43:09,176,0.52,0,0,2020-10-16 12:43:09,176
2020-10-16 12:46:07,4C:E5,2020-10-16 12:42:53,NORMAL,26.3,39.9,0.51,0,0,2020-10-16 12:43:09,177,0.52,0,0,2020-10-16 12:43:09,177
2020-10-16 12:46:08,4C:E5,2020-10-16 12:42:53,NORMAL,26.2,39.8,0.55,0,0,2020-10-16 12:43:09,178,0.44,0,0,2020-10-16 12:43:09,178
2020-10-16 12:46:09,4C:E5,2020-10-16 12:42:53,NORMAL,26.2,39.8,0.47,0,0,2020-10-16 12:43:09,179,0.47,0,0,2020-10-16 12:43:09,179
2020-10-16 12:46:10,4C:E5,2020-10-16 12:42:53,NORMAL,26.2,39.8,0.58,0,0,2020-10-16 12:43:09,180,0.43,0,0,2020-10-16 12:43:09,180
2020-10-16 12:46:11,4C:E5,2020-10-16 12:42:53,NORMAL,26.2,39.8,0.63,0,0,2020-10-16 12:43:09,181,0.42,0,0,2020-10-16 12:43:09,181
2020-10-16 12:46:12,4C:E5,2020-10-16 12:42:53,NORMAL,26.3,39.8,0.58,0,0,2020-10-16 12:43:09,182,0.42,0,0,2020-10-16 12:43:09,182
2020-10-16 12:46:13,4C:E5,2020-10-16 12:42:53,NORMAL,26.3,39.8,0.52,0,0,2020-10-16 12:43:09,183,0.52,0,0,2020-10-16 12:43:09,183
2020-10-16 12:46:14,4C:E5,2020-10-16 12:42:53,NORMAL,26.3,39.8,0.54,0,0,2020-10-16 12:43:09,184,0.49,0,0,2020-10-16 12:43:09,184
2020-10-16 12:46:15,4C:E5,2020-10-16 12:42:53,NORMAL,26.3,39.9,0.55,0,0,2020-10-16 12:43:09,185,0.48,0,0,2020-10-16 12:43:09,185
2020-10-16 12:46:16,4C:E5,2020-10-16 12:42:53,NORMAL,26.3,39.9,0.52,0,0,2020-10-16 12:43:09,186,0.45,0,0,2020-10-16 12:43:09,186
2020-10-16 12:46:17,4C:E5,2020-10-16 12:42:53,NORMAL,26.3,39.9,0.57,0,0,2020-10-16 12:43:09,187,0.56,0,0,2020-10-16 12:43:09,187
2020-10-16 12:46:18,4C:E5,2020-10-16 12:42:53,NORMAL,26.2,39.8,0.52,0,0,2020-10-16 12:43:09,188,0.49,0,0,2020-10-16 12:43:09,188
2020-10-16 12:46:19,4C:E5,2020-10-16 12:42:53,NORMAL,26.2,39.8,0.58,0,0,2020-10-16 12:43:09,189,0.48,0,0,2020-10-16 12:43:09,189
2020-10-16 12:46:20,4C:E5,2020-10-16 12:42:53,NORMAL,26.2,39.8,0.52,0,0,2020-10-16 12:43:09,190,0.54,0,0,2020-10-16 12:43:09,190
2020-10-16 12:46:21,4C:E5,2020-10-16 12:42:53,NORMAL,26.2,39.8,0.58,0,0,2020-10-16 12:43:09,191,0.49,0,0,2020-10-16 12:43:09,191
2020-10-16 12:46:22,4C:E5,2020-10-16 12:42:53,NORMAL,26.3,39.9,0.52,0,0,2020-10-16 12:43:09,192,0.49,0,0,2020-10-16 12:43:09,192
2020-10-16 12:46:23,4C:E5,2020-10-16 12:42:53,NORMAL,26.3,39.9,0.47,0,0,2020-10-16 12:43:09,193,0.51,0,0,2020-10-16 12:43:09,193
2020-10-16 12:46:24,4C:E5,2020-10-16 12:42:53,NORMAL,26.3,39.9,0.52,0,0,2020-10-16 12:43:09,194,0.54,0,0,2020-10-16 12:43:09,194
2020-10-16 12:46:25,4C:E5,2020-10-16 12:42:53,NORMAL,26.2,39.8,0.52,0,0,2020-10-16 12:43:09,195,0.5,0,0,2020-10-16 12:43:09,195
2020-10-16 12:46:26,4C:E5,2020-10-16 12:42:53,NORMAL,26.2,39.8,0.54,0,0,2020-10-16 12:43:09,196,0.47,0,0,2020-10-16 12:43:09,196
2020-10-16 12:46:27,4C:E5,2020-10-16 12:42:53,NORMAL,26.2,39.8,0.48,0,0,2020-10-16 12:43:09,197,0.48,0,0,2020-10-16 12:43:09,197
2020-10-16 12:46:28,4C:E5,2020-10-16 12:42:53,NORMAL,26.2,39.8,0.57,0,0,2020-10-16 12:43:09,198,0.52,0,0,2020-10-16 12:43:09,198
2020-10-16 12:46:29,4C:E5,2020-10-16 12:42:53,NORMAL,26.2,39.8,0.55,0,0,2020-10-16 12:43:09,199,0.48,0,0,2020-10-16 12:43:09,199
2020-10-16 12:46:30,4C:E5,2020-10-16 12:42:53,NORMAL,26.2,39.8,0.56,0,0,2020-10-16 12:43:09,200,0.48,0,0,2020-10-16 12:43:09,200
2020-10-16 12:46:31,4C:E5,2020-10-16 12:42:53,NORMAL,26.2,39.8,0.5,0,0,2020-10-16 12:43:09,201,0.49,0,0,2020-10-16 12:43:09,201
2020-10-16 12:46:32,4C:E5,2020-10-16 12:42:53,NORMAL,26.2,39.8,0.54,0,0,2020-10-16 12:43:09,202,0.52,0,0,2020-10-16 12:43:09,202
2020-10-16 12:46:33,4C:E5,2020-10-16 12:42:53,NORMAL,26.2,39.8,0.57,0,0,2020-10-16 12:43:09,203,0.47,0,0,2020-10-16 12:43:09,203
2020-10-16 12:46:34,4C:E5,2020-10-16 12:42:53,NORMAL,26.2,39.8,0.55,0,0,2020-10-16 12:43:09,204,0.51,0,0,2020-10-16 12:43:09,204
2020-10-16 12:46:35,4C:E5,2020-10-16 12:42:53,NORMAL,26.2,39.8,0.55,0,0,2020-10-16 12:43:09,205,0.51,0,0,2020-10-16 12:43:09,205
2020-10-16 12:46:36,4C:E5,2020-10-16 12:42:53,NORMAL,26.2,39.8,0.55,0,0,2020-10-16 12:43:09,206,0.43,0,0,2020-10-16 12:43:09,206
2020-10-16 12:46:37,4C:E5,2020-10-16 12:42:53,NORMAL,26.2,39.8,0.55,0,0,2020-10-16 12:43:09,207,0.45,0,0,2020-10-16 12:43:09,207
2020-10-16 12:46:38,4C:E5,2020-10-16 12:42:53,NORMAL,26.2,39.8,0.49,0,0,2020-10-16 12:43:09,208,0.46,0,0,2020-10-16 12:43:09,208
2020-10-16 12:46:39,4C:E5,2020-10-16 12:42:53,NORMAL,26.3,39.8,0.49,0,0,2020-10-16 12:43:09,209,0.48,0,0,2020-10-16 12:43:09,209
2020-10-16 12:46:40,4C:E5,2020-10-16 12:42:53,NORMAL,26.3,39.8,0.54,0,0,2020-10-16 12:43:09,210,0.41,0,0,2020-10-16 12:43:09,210
2020-10-16 12:46:41,4C:E5,2020-10-16 12:42:53,NORMAL,26.3,39.8,0.47,0,0,2020-10-16 12:43:09,211,0.46,0,0,2020-10-16 12:43:09,211
2020-10-16 12:46:42,4C:E5,2020-10-16 12:42:53,NORMAL,26.3,39.8,0.55,0,0,2020-10-16 12:43:09,212,0.44,0,0,2020-10-16 12:43:09,212
2020-10-16 12:46:43,4C:E5,2020-10-16 12:42:53,NORMAL,26.2,39.7,0.49,0,0,2020-10-16 12:43:09,213,0.51,0,0,2020-10-16 12:43:09,213
2020-10-16 12:46:44,4C:E5,2020-10-16 12:42:53,NORMAL,26.2,39.7,0.6,0,0,2020-10-16 12:43:09,214,0.43,0,0,2020-10-16 12:43:09,214
2020-10-16 12:46:45,4C:E5,2020-10-16 12:42:53,NORMAL,26.2,39.7,0.56,0,0,2020-10-16 12:43:09,215,0.5,0,0,2020-10-16 12:43:09,215
2020-10-16 12:46:46,4C:E5,2020-10-16 12:42:53,NORMAL,26.2,39.8,0.51,0,0,2020-10-16 12:43:09,216,0.5,0,0,2020-10-16 12:43:09,216
2020-10-16 12:46:47,4C:E5,2020-10-16 12:42:53,NORMAL,26.2,39.8,0.57,0,0,2020-10-16 12:43:09,217,0.5,0,0,2020-10-16 12:43:09,217
2020-10-16 12:46:48,4C:E5,2020-10-16 12:42:53,NORMAL,26.2,39.8,0.58,0,0,2020-10-16 12:43:09,218,0.52,0,0,2020-10-16 12:43:09,218
2020-10-16 12:46:49,4C:E5,2020-10-16 12:42:53,NORMAL,26.2,39.8,0.55,0,0,2020-10-16 12:43:09,219,0.48,0,0,2020-10-16 12:43:09,219
2020-10-16 12:46:50,4C:E5,2020-10-16 12:42:53,NORMAL,26.2,39.7,0.63,0,0,2020-10-16 12:43:09,220,0.47,0,0,2020-10-16 12:43:09,220
2020-10-16 12:46:51,4C:E5,2020-10-16 12:42:53,NORMAL,26.2,39.7,0.54,0,0,2020-10-16 12:43:09,221,0.52,0,0,2020-10-16 12:43:09,221
2020-10-16 12:46:52,4C:E5,2020-10-16 12:42:53,NORMAL,26.2,39.7,0.55,0,0,2020-10-16 12:43:09,222,0.47,0,0,2020-10-16 12:43:09,222
2020-10-16 12:46:53,4C:E5,2020-10-16 12:42:53,NORMAL,26.2,39.7,0.46,0,0,2020-10-16 12:43:09,223,0.51,0,0,2020-10-16 12:43:09,223
2020-10-16 12:46:54,4C:E5,2020-10-16 12:42:53,NORMAL,26.2,39.7,0.52,0,0,2020-10-16 12:43:09,224,0.47,0,0,2020-10-16 12:43:09,224
2020-10-16 12:46:55,4C:E5,2020-10-16 12:42:53,NORMAL,26.2,39.7,0.51,0,0,2020-10-16 12:43:09,225,0.51,0,0,2020-10-16 12:43:09,225
2020-10-16 12:46:56,4C:E5,2020-10-16 12:42:53,NORMAL,26.2,39.7,0.52,0,0,2020-10-16 12:43:09,226,0.47,0,0,2020-10-16 12:43:09,226
2020-10-16 12:46:57,4C:E5,2020-10-16 12:42:53,NORMAL,26.2,39.6,0.58,0,0,2020-10-16 12:43:09,227,0.42,0,0,2020-10-16 12:43:09,227
2020-10-16 12:46:58,4C:E5,2020-10-16 12:42:53,NORMAL,26.2,39.6,0.52,0,0,2020-10-16 12:43:09,228,0.4,0,0,2020-10-16 12:43:09,228
2020-10-16 12:46:59,4C:E5,2020-10-16 12:42:53,NORMAL,26.2,39.6,0.55,0,0,2020-10-16 12:43:09,229,0.41,0,0,2020-10-16 12:43:09,229
2020-10-16 12:47:00,4C:E5,2020-10-16 12:42:53,NORMAL,26.2,39.6,0.55,0,0,2020-10-16 12:43:09,230,0.41,0,0,2020-10-16 12:43:09,230
2020-10-16 12:47:01,4C:E5,2020-10-16 12:42:53,NORMAL,26.2,39.6,0.54,0,0,2020-10-16 12:43:09,231,0.47,0,0,2020-10-16 12:43:09,231
2020-10-16 12:47:02,4C:E5,2020-10-16 12:42:53,NORMAL,26.2,39.6,0.61,0,0,2020-10-16 12:43:09,232,0.47,0,0,2020-10-16 12:43:09,232
2020-10-16 12:47:03,4C:E5,2020-10-16 12:42:53,NORMAL,26.2,39.6,0.56,0,0,2020-10-16 12:43:09,233,0.37,0,0,2020-10-16 12:43:09,233
2020-10-16 12:47:04,4C:E5,2020-10-16 12:42:53,NORMAL,26.3,39.6,0.55,0,0,2020-10-16 12:43:09,234,0.45,0,0,2020-10-16 12:43:09,234
2020-10-16 12:47:05,4C:E5,2020-10-16 12:42:53,NORMAL,26.3,39.6,0.6,0,0,2020-10-16 12:43:09,235,0.51,0,0,2020-10-16 12:43:09,235
2020-10-16 12:47:06,4C:E5,2020-10-16 12:42:53,NORMAL,26.3,39.6,0.57,0,0,2020-10-16 12:43:09,236,0.52,0,0,2020-10-16 12:43:09,236
2020-10-16 12:47:07,4C:E5,2020-10-16 12:42:53,NORMAL,26.2,39.6,0.57,0,0,2020-10-16 12:43:09,237,0.46,0,0,2020-10-16 12:43:09,237
2020-10-16 12:47:08,4C:E5,2020-10-16 12:42:53,NORMAL,26.2,39.6,0.54,0,0,2020-10-16 12:43:09,238,0.51,0,0,2020-10-16 12:43:09,238
2020-10-16 12:47:09,4C:E5,2020-10-16 12:42:53,NORMAL,26.2,39.6,0.58,0,0,2020-10-16 12:43:09,239,0.47,0,0,2020-10-16 12:43:09,239
2020-10-16 12:47:10,4C:E5,2020-10-16 12:42:53,NORMAL,26.2,39.6,0.55,0,0,2020-10-16 12:43:09,240,0.49,0,0,2020-10-16 12:43:09,240
2020-10-16 12:47:11,4C:E5,2020-10-16 12:42:53,NORMAL,26.2,39.6,0.56,0,0,2020-10-16 12:43:09,241,0.45,0,0,2020-10-16 12:43:09,241
2020-10-16 12:47:12,4C:E5,2020-10-16 12:42:53,NORMAL,26.2,39.6,0.66,0,0,2020-10-16 12:43:09,242,0.43,0,0,2020-10-16 12:43:09,242
2020-10-16 12:47:13,4C:E5,2020-10-16 12:42:53,NORMAL,26.2,39.6,0.61,0,0,2020-10-16 12:43:09,243,0.54,0,0,2020-10-16 12:43:09,243
2020-10-16 12:47:14,4C:E5,2020-10-16 12:42:53,NORMAL,26.2,39.6,0.52,0,0,2020-10-16 12:43:09,244,0.37,0,0,2020-10-16 12:43:09,244
2020-10-16 12:47:15,4C:E5,2020-10-16 12:42:53,NORMAL,26.2,39.6,0.52,0,0,2020-10-16 12:43:09,245,0.52,0,0,2020-10-16 12:43:09,245
2020-10-16 12:47:16,4C:E5,2020-10-16 12:42:53,NORMAL,26.2,39.6,0.5,0,0,2020-10-16 12:43:09,246,0.47,0,0,2020-10-16 12:43:09,246
2020-10-16 12:47:17,4C:E5,2020-10-16 12:42:53,NORMAL,26.2,39.6,0.57,0,0,2020-10-16 12:43:09,247,0.46,0,0,2020-10-16 12:43:09,247
2020-10-16 12:47:18,4C:E5,2020-10-16 12:42:53,NORMAL,26.2,39.7,0.52,0,0,2020-10-16 12:43:09,248,0.49,0,0,2020-10-16 12:43:09,248
2020-10-16 12:47:19,4C:E5,2020-10-16 12:42:53,NORMAL,26.2,39.7,0.63,0,0,2020-10-16 12:43:09,249,0.48,0,0,2020-10-16 12:43:09,249
2020-10-16 12:47:20,4C:E5,2020-10-16 12:42:53,NORMAL,26.2,39.7,0.55,0,0,2020-10-16 12:43:09,250,0.48,0,0,2020-10-16 12:43:09,250
2020-10-16 12:47:21,4C:E5,2020-10-16 12:42:53,NORMAL,26.2,39.7,0.5,0,0,2020-10-16 12:43:09,251,0.46,0,0,2020-10-16 12:43:09,251
2020-10-16 12:47:22,4C:E5,2020-10-16 12:42:53,NORMAL,26.2,39.7,0.54,0,0,2020-10-16 12:43:09,252,0.48,0,0,2020-10-16 12:43:09,252
2020-10-16 12:47:23,4C:E5,2020-10-16 12:42:53,NORMAL,26.2,39.7,0.5,0,0,2020-10-16 12:43:09,253,0.42,0,0,2020-10-16 12:43:09,253
2020-10-16 12:47:24,4C:E5,2020-10-16 12:42:53,NORMAL,26.2,39.7,0.52,0,0,2020-10-16 12:43:09,254,0.46,0,0,2020-10-16 12:43:09,254
2020-10-16 12:47:25,4C:E5,2020-10-16 12:42:53,NORMAL,26.2,39.8,0.54,0,0,2020-10-16 12:43:09,255,0.49,0,0,2020-10-16 12:43:09,255
2020-10-16 12:47:26,4C:E5,2020-10-16 12:42:53,NORMAL,26.2,39.8,0.58,0,0,2020-10-16 12:43:09,256,0.54,0,0,2020-10-16 12:43:09,256
2020-10-16 12:47:27,4C:E5,2020-10-16 12:42:53,NORMAL,26.2,39.8,0.6,0,0,2020-10-16 12:43:09,257,0.5,0,0,2020-10-16 12:43:09,257
2020-10-16 12:47:28,4C:E5,2020-10-16 12:42:53,NORMAL,26.2,39.8,0.54,0,0,2020-10-16 12:43:09,258,0.47,0,0,2020-10-16 12:43:09,258
2020-10-16 12:47:29,4C:E5,2020-10-16 12:42:53,NORMAL,26.2,39.8,0.54,0,0,2020-10-16 12:43:09,259,0.52,0,0,2020-10-16 12:43:09,259
2020-10-16 12:47:30,4C:E5,2020-10-16 12:42:53,NORMAL,26.2,39.8,0.52,0,0,2020-10-16 12:43:09,260,0.45,0,0,2020-10-16 12:43:09,260
2020-10-16 12:47:31,4C:E5,2020-10-16 12:42:53,NORMAL,26.2,39.8,0.54,0,0,2020-10-16 12:43:09,261,0.49,0,0,2020-10-16 12:43:09,261
2020-10-16 12:47:32,4C:E5,2020-10-16 12:42:53,NORMAL,26.2,39.8,0.55,0,0,2020-10-16 12:43:09,262,0.52,0,0,2020-10-16 12:43:09,262
2020-10-16 12:47:33,4C:E5,2020-10-16 12:42:53,NORMAL,26.2,39.8,0.58,0,0,2020-10-16 12:43:09,263,0.51,0,0,2020-10-16 12:43:09,263
2020-10-16 12:47:34,4C:E5,2020-10-16 12:42:53,NORMAL,26.2,39.8,0.54,0,0,2020-10-16 12:43:09,264,0.52,0,0,2020-10-16 12:43:09,264
2020-10-16 12:47:35,4C:E5,2020-10-16 12:42:53,NORMAL,26.2,39.9,0.51,0,0,2020-10-16 12:43:09,265,0.48,0,0,2020-10-16 12:43:09,265
2020-10-16 12:47:36,4C:E5,2020-10-16 12:42:53,NORMAL,26.2,39.9,0.58,0,0,2020-10-16 12:43:09,266,0.46,0,0,2020-10-16 12:43:09,266
2020-10-16 12:47:37,4C:E5,2020-10-16 12:42:53,NORMAL,26.2,39.9,0.49,0,0,2020-10-16 12:43:09,267,0.49,0,0,2020-10-16 12:43:09,267
2020-10-16 13:02:46,4C:E5,2020-10-16 13:02:45,NORMAL,25.7,41.6,0.0,0,0,1970-01-01 05:00:00,0,0.0,0,0,1970-01-01 05:00:00,0
2020-10-16 13:02:47,4C:E5,2020-10-16 13:02:45,NORMAL,25.7,41.6,0.0,0,0,1970-01-01 05:00:00,0,0.0,0,0,1970-01-01 05:00:00,0
2020-10-16 13:02:48,4C:E5,2020-10-16 13:02:45,NORMAL,25.7,41.6,0.0,0,0,1970-01-01 05:00:00,0,0.0,0,0,1970-01-01 05:00:00,0
2020-10-16 13:02:49,4C:E5,2020-10-16 13:02:45,NORMAL,26.1,41.5,0.0,0,0,1970-01-01 05:00:00,0,0.0,0,0,1970-01-01 05:00:00,0
2020-10-16 13:02:50,4C:E5,2020-10-16 13:02:45,NORMAL,26.1,41.5,0.0,0,0,1970-01-01 05:00:00,0,0.0,0,0,1970-01-01 05:00:00,0
2020-10-16 13:02:51,4C:E5,2020-10-16 13:02:45,NORMAL,26.1,41.5,0.0,0,0,1970-01-01 05:00:00,0,0.0,0,0,1970-01-01 05:00:00,0
2020-10-16 13:02:52,4C:E5,2020-10-16 13:02:45,NORMAL,26.1,41.5,0.0,0,0,1970-01-01 05:00:00,0,0.0,0,0,1970-01-01 05:00:00,0
2020-10-16 13:02:53,4C:E5,2020-10-16 13:02:45,NORMAL,26.1,41.5,0.0,0,0,1970-01-01 05:00:00,0,0.0,0,0,1970-01-01 05:00:00,0
2020-10-16 13:02:54,4C:E5,2020-10-16 13:02:45,NORMAL,26.1,41.5,0.0,0,0,1970-01-01 05:00:00,0,0.0,0,0,1970-01-01 05:00:00,0
2020-10-16 13:02:55,4C:E5,2020-10-16 13:02:45,NORMAL,26.1,41.5,0.0,0,0,1970-01-01 05:00:00,0,0.0,0,0,1970-01-01 05:00:00,0
2020-10-16 13:02:56,4C:E5,2020-10-16 13:02:45,NORMAL,26.1,41.4,0.0,0,0,1970-01-01 05:00:00,0,0.0,0,0,1970-01-01 05:00:00,0
2020-10-16 13:02:57,4C:E5,2020-10-16 13:02:45,NORMAL,26.1,41.4,0.0,0,0,1970-01-01 05:00:00,0,0.0,0,0,1970-01-01 05:00:00,0
2020-10-16 13:02:58,4C:E5,2020-10-16 13:02:45,NORMAL,26.1,41.4,0.0,0,0,1970-01-01 05:00:00,0,0.0,0,0,1970-01-01 05:00:00,0
2020-10-16 13:02:59,4C:E5,2020-10-16 13:02:45,NORMAL,26.1,41.3,0.0,0,0,1970-01-01 05:00:00,0,0.0,0,0,1970-01-01 05:00:00,0
2020-10-16 13:03:00,4C:E5,2020-10-16 13:02:45,NORMAL,26.1,41.3,0.0,0,0,1970-01-01 05:00:00,0,0.0,0,0,1970-01-01 05:00:00,0
2020-10-16 13:03:01,4C:E5,2020-10-16 13:02:45,NORMAL,26.1,41.3,0.0,0,0,1970-01-01 05:00:00,0,0.0,0,0,1970-01-01 05:00:00,0
2020-10-16 13:03:02,4C:E5,2020-10-16 13:02:45,NORMAL,26.1,41.3,0.0,0,0,1970-01-01 05:00:00,0,0.0,0,0,1970-01-01 05:00:00,0
2020-10-16 13:03:03,4C:E5,2020-10-16 13:02:45,NORMAL,26.2,41.2,0.0,0,0,1970-01-01 05:00:00,0,0.0,0,0,1970-01-01 05:00:00,0
2020-10-16 13:03:04,4C:E5,2020-10-16 13:02:45,NORMAL,26.2,41.2,0.0,0,0,1970-01-01 05:00:00,0,0.0,0,0,1970-01-01 05:00:00,0
2020-10-16 13:03:05,4C:E5,2020-10-16 13:02:45,NORMAL,26.2,41.2,0.0,0,0,1970-01-01 05:00:00,0,0.0,0,0,1970-01-01 05:00:00,0
2020-10-16 13:03:06,4C:E5,2020-10-16 13:02:45,NORMAL,26.2,41.1,0.0,0,0,1970-01-01 05:00:00,0,0.0,0,0,1970-01-01 05:00:00,0
2020-10-16 13:03:07,4C:E5,2020-10-16 13:02:45,NORMAL,26.2,41.1,0.0,0,0,1970-01-01 05:00:00,0,0.0,0,0,1970-01-01 05:00:00,0
2020-10-16 13:03:08,4C:E5,2020-10-16 13:02:45,NORMAL,26.2,41.1,0.0,0,0,1970-01-01 05:00:00,0,0.0,0,0,1970-01-01 05:00:00,0
2020-10-16 13:03:09,4C:E5,2020-10-16 13:02:45,NORMAL,26.2,41.1,0.0,0,0,1970-01-01 05:00:00,0,0.0,0,0,1970-01-01 05:00:00,0
2020-10-16 13:03:10,4C:E5,2020-10-16 13:02:45,NORMAL,26.2,40.9,0.0,0,0,1970-01-01 05:00:00,0,0.0,0,0,1970-01-01 05:00:00,0
2020-10-16 13:03:11,4C:E5,2020-10-16 13:02:45,NORMAL,26.2,40.9,0.0,0,0,1970-01-01 05:00:00,0,0.0,0,0,1970-01-01 05:00:00,0
2020-10-16 13:03:12,4C:E5,2020-10-16 13:02:45,NORMAL,26.2,40.9,0.0,0,0,1970-01-01 05:00:00,0,0.0,0,0,1970-01-01 05:00:00,0
2020-10-16 13:03:13,4C:E5,2020-10-16 13:02:45,NORMAL,26.2,40.8,0.0,0,0,1970-01-01 05:00:00,0,0.0,0,0,1970-01-01 05:00:00,0
2020-10-16 13:03:14,4C:E5,2020-10-16 13:02:45,NORMAL,26.2,40.8,0.0,0,0,1970-01-01 05:00:00,0,0.0,0,0,1970-01-01 05:00:00,0
2020-10-16 13:03:15,4C:E5,2020-10-16 13:02:45,NORMAL,26.2,40.8,0.0,0,0,1970-01-01 05:00:00,0,0.0,0,0,1970-01-01 05:00:00,0
2020-10-16 13:03:16,4C:E5,2020-10-16 13:02:45,NORMAL,26.2,40.8,0.0,0,0,1970-01-01 05:00:00,0,0.0,0,0,1970-01-01 05:00:00,0
2020-10-16 13:03:17,4C:E5,2020-10-16 13:02:45,NORMAL,26.2,40.6,0.0,0,0,1970-01-01 05:00:00,0,0.0,0,0,1970-01-01 05:00:00,0
2020-10-16 13:03:18,4C:E5,2020-10-16 13:02:45,NORMAL,26.2,40.6,0.0,0,0,1970-01-01 05:00:00,0,0.0,0,0,1970-01-01 05:00:00,0
2020-10-16 13:03:19,4C:E5,2020-10-16 13:02:45,NORMAL,26.2,40.6,0.0,0,0,1970-01-01 05:00:00,0,0.0,0,0,1970-01-01 05:00:00,0
2020-10-16 13:03:20,4C:E5,2020-10-16 13:02:45,NORMAL,26.3,40.5,0.0,0,0,1970-01-01 05:00:00,0,0.0,0,0,1970-01-01 05:00:00,0
2020-10-16 13:03:21,4C:E5,2020-10-16 13:02:45,NORMAL,26.3,40.5,0.0,0,0,1970-01-01 05:00:00,0,0.0,0,0,1970-01-01 05:00:00,0
2020-10-16 13:03:22,4C:E5,2020-10-16 13:02:45,NORMAL,26.3,40.5,0.0,0,0,1970-01-01 05:00:00,0,0.0,0,0,1970-01-01 05:00:00,0
2020-10-16 13:03:23,4C:E5,2020-10-16 13:02:45,NORMAL,26.3,40.4,0.0,0,0,1970-01-01 05:00:00,0,0.0,0,0,1970-01-01 05:00:00,0
2020-10-16 13:03:24,4C:E5,2020-10-16 13:02:45,NORMAL,26.3,40.4,0.0,0,0,1970-01-01 05:00:00,0,0.0,0,0,1970-01-01 05:00:00,0
2020-10-16 13:03:25,4C:E5,2020-10-16 13:02:45,NORMAL,26.3,40.4,0.0,0,0,1970-01-01 05:00:00,0,0.0,0,0,1970-01-01 05:00:00,0
2020-10-16 13:03:26,4C:E5,2020-10-16 13:02:45,NORMAL,26.3,40.4,0.0,0,0,1970-01-01 05:00:00,0,0.0,0,0,1970-01-01 05:00:00,0
2020-10-16 13:03:27,4C:E5,2020-10-16 13:02:45,NORMAL,26.3,40.3,0.0,0,0,1970-01-01 05:00:00,0,0.0,0,0,1970-01-01 05:00:00,0
2020-10-16 13:03:28,4C:E5,2020-10-16 13:02:45,NORMAL,26.3,40.3,0.0,0,0,1970-01-01 05:00:00,0,0.0,0,0,1970-01-01 05:00:00,0
2020-10-16 13:03:29,4C:E5,2020-10-16 13:02:45,NORMAL,26.3,40.3,0.0,0,0,1970-01-01 05:00:00,0,0.0,0,0,1970-01-01 05:00:00,0
2020-10-16 13:03:30,4C:E5,2020-10-16 13:02:45,NORMAL,26.3,40.2,0.0,0,0,1970-01-01 05:00:00,0,0.0,0,0,1970-01-01 05:00:00,0
2020-10-16 13:03:31,4C:E5,2020-10-16 13:02:45,NORMAL,26.3,40.2,0.0,0,0,1970-01-01 05:00:00,0,0.0,0,0,1970-01-01 05:00:00,0
2020-10-16 13:03:32,4C:E5,2020-10-16 13:02:45,NORMAL,26.3,40.2,0.0,0,0,1970-01-01 05:00:00,0,0.0,0,0,1970-01-01 05:00:00,0
2020-10-16 13:03:33,4C:E5,2020-10-16 13:02:45,NORMAL,26.3,40.2,0.0,0,0,1970-01-01 05:00:00,0,0.0,0,0,1970-01-01 05:00:00,0
2020-10-16 13:03:34,4C:E5,2020-10-16 13:02:45,NORMAL,26.3,40.1,0.0,0,0,1970-01-01 05:00:00,0,0.0,0,0,1970-01-01 05:00:00,0
2020-10-16 13:03:35,4C:E5,2020-10-16 13:02:45,NORMAL,26.3,40.1,0.0,0,0,1970-01-01 05:00:00,0,0.0,0,0,1970-01-01 05:00:00,0
2020-10-16 13:03:36,4C:E5,2020-10-16 13:02:45,NORMAL,26.3,40.1,0.0,0,0,1970-01-01 05:00:00,0,0.0,0,0,1970-01-01 05:00:00,0
2020-10-16 13:03:37,4C:E5,2020-10-16 13:02:45,NORMAL,26.3,40.1,0.0,0,0,1970-01-01 05:00:00,0,0.0,0,0,1970-01-01 05:00:00,0
2020-10-16 13:03:38,4C:E5,2020-10-16 13:02:45,NORMAL,26.3,40.1,0.0,0,0,1970-01-01 05:00:00,0,0.0,0,0,1970-01-01 05:00:00,0
2020-10-16 13:03:39,4C:E5,2020-10-16 13:02:45,NORMAL,26.3,40.1,0.0,0,0,1970-01-01 05:00:00,0,0.0,0,0,1970-01-01 05:00:00,0
2020-10-16 13:03:40,4C:E5,2020-10-16 13:02:45,NORMAL,26.3,40.1,0.0,0,0,1970-01-01 05:00:00,0,0.0,0,0,1970-01-01 05:00:00,0
2020-10-16 13:03:41,4C:E5,2020-10-16 13:02:45,NORMAL,26.3,40.1,0.0,0,0,1970-01-01 05:00:00,0,0.0,0,0,1970-01-01 05:00:00,0
2020-10-16 13:03:42,4C:E5,2020-10-16 13:02:45,NORMAL,26.3,40.1,0.0,0,0,1970-01-01 05:00:00,0,0.0,0,0,1970-01-01 05:00:00,0
2020-10-16 13:03:43,4C:E5,2020-10-16 13:02:45,NORMAL,26.3,40.1,0.0,0,0,1970-01-01 05:00:00,0,0.0,0,0,1970-01-01 05:00:00,0
2020-10-16 13:03:44,4C:E5,2020-10-16 13:02:45,NORMAL,26.3,40.0,0.0,0,0,1970-01-01 05:00:00,0,0.0,0,0,1970-01-01 05:00:00,0
2020-10-16 13:03:45,4C:E5,2020-10-16 13:02:45,NORMAL,26.3,40.0,0.0,0,0,1970-01-01 05:00:00,0,0.0,0,0,1970-01-01 05:00:00,0
2020-10-16 13:03:46,4C:E5,2020-10-16 13:02:45,NORMAL,26.3,40.0,0.0,0,0,1970-01-01 05:00:00,0,0.0,0,0,1970-01-01 05:00:00,0
2020-10-16 13:03:47,4C:E5,2020-10-16 13:02:45,NORMAL,26.3,40.0,0.0,0,0,1970-01-01 05:00:00,0,0.0,0,0,1970-01-01 05:00:00,0
2020-10-16 13:03:48,4C:E5,2020-10-16 13:02:45,NORMAL,26.3,40.0,0.0,0,0,1970-01-01 05:00:00,0,0.0,0,0,1970-01-01 05:00:00,0
2020-10-16 13:03:49,4C:E5,2020-10-16 13:02:45,NORMAL,26.3,40.0,0.0,0,0,1970-01-01 05:00:00,0,0.0,0,0,1970-01-01 05:00:00,0
2020-10-16 13:03:50,4C:E5,2020-10-16 13:02:45,NORMAL,26.3,40.0,0.0,0,0,1970-01-01 05:00:00,0,0.0,0,0,1970-01-01 05:00:00,0
2020-10-16 13:03:51,4C:E5,2020-10-16 13:02:45,NORMAL,26.3,40.0,0.0,0,0,1970-01-01 05:00:00,0,0.0,0,0,1970-01-01 05:00:00,0
2020-10-16 13:03:52,4C:E5,2020-10-16 13:02:45,NORMAL,26.3,40.0,0.0,0,0,1970-01-01 05:00:00,0,0.0,0,0,1970-01-01 05:00:00,0
2020-10-16 13:03:53,4C:E5,2020-10-16 13:02:45,NORMAL,26.3,40.0,0.0,0,0,1970-01-01 05:00:00,0,0.0,0,0,1970-01-01 05:00:00,0
2020-10-16 13:03:54,4C:E5,2020-10-16 13:02:45,NORMAL,26.3,40.0,0.0,0,0,1970-01-01 05:00:00,0,0.0,0,0,1970-01-01 05:00:00,0
2020-10-16 13:03:55,4C:E5,2020-10-16 13:02:45,NORMAL,26.3,39.9,0.0,0,0,1970-01-01 05:00:00,0,0.0,0,0,1970-01-01 05:00:00,0
2020-10-16 13:03:56,4C:E5,2020-10-16 13:02:45,NORMAL,26.3,39.9,0.0,0,0,1970-01-01 05:00:00,0,0.0,0,0,1970-01-01 05:00:00,0
2020-10-16 13:03:57,4C:E5,2020-10-16 13:02:45,NORMAL,26.3,39.9,0.0,0,0,1970-01-01 05:00:00,0,0.0,0,0,1970-01-01 05:00:00,0
2020-10-16 13:03:58,4C:E5,2020-10-16 13:02:45,NORMAL,26.3,39.9,0.0,0,0,1970-01-01 05:00:00,0,0.0,0,0,1970-01-01 05:00:00,0
2020-10-16 13:03:59,4C:E5,2020-10-16 13:02:45,NORMAL,26.3,39.9,0.0,0,0,1970-01-01 05:00:00,0,0.0,0,0,1970-01-01 05:00:00,0
2020-10-16 13:04:00,4C:E5,2020-10-16 13:02:45,NORMAL,26.3,39.9,0.0,0,0,1970-01-01 05:00:00,0,0.0,0,0,1970-01-01 05:00:00,0
2020-10-16 13:04:01,4C:E5,2020-10-16 13:02:45,NORMAL,26.3,39.9,0.0,0,0,1970-01-01 05:00:00,0,0.0,0,0,1970-01-01 05:00:00,0
2020-10-16 13:04:02,4C:E5,2020-10-16 13:02:45,NORMAL,26.3,39.9,0.0,0,0,1970-01-01 05:00:00,0,0.0,0,0,1970-01-01 05:00:00,0
2020-10-16 13:04:03,4C:E5,2020-10-16 13:02:45,NORMAL,26.3,39.9,0.0,0,0,1970-01-01 05:00:00,0,0.0,0,0,1970-01-01 05:00:00,0
2020-10-16 13:04:04,4C:E5,2020-10-16 13:02:45,NORMAL,26.3,39.9,0.0,0,0,1970-01-01 05:00:00,0,0.0,0,0,1970-01-01 05:00:00,0
2020-10-16 13:04:05,4C:E5,2020-10-16 13:02:45,NORMAL,26.3,39.9,0.0,0,0,1970-01-01 05:00:00,0,0.0,0,0,1970-01-01 05:00:00,0
2020-10-16 13:04:06,4C:E5,2020-10-16 13:02:45,NORMAL,26.3,39.9,0.0,0,0,1970-01-01 05:00:00,0,0.0,0,0,1970-01-01 05:00:00,0
2020-10-16 13:04:07,4C:E5,2020-10-16 13:02:45,NORMAL,26.3,39.9,0.0,0,0,1970-01-01 05:00:00,0,0.0,0,0,1970-01-01 05:00:00,0
2020-10-16 13:04:08,4C:E5,2020-10-16 13:02:45,NORMAL,26.4,39.8,0.0,0,0,1970-01-01 05:00:00,0,0.0,0,0,1970-01-01 05:00:00,0
2020-10-16 13:04:09,4C:E5,2020-10-16 13:02:45,NORMAL,26.4,39.8,0.0,0,0,1970-01-01 05:00:00,0,0.0,0,0,1970-01-01 05:00:00,0
2020-10-16 13:04:10,4C:E5,2020-10-16 13:02:45,NORMAL,26.4,39.8,0.0,0,0,1970-01-01 05:00:00,0,0.0,0,0,1970-01-01 05:00:00,0
2020-10-16 13:04:11,4C:E5,2020-10-16 13:02:45,NORMAL,26.4,39.8,0.0,0,0,1970-01-01 05:00:00,0,0.0,0,0,1970-01-01 05:00:00,0
2020-10-16 13:04:12,4C:E5,2020-10-16 13:02:45,NORMAL,26.3,39.8,0.0,0,0,1970-01-01 05:00:00,0,0.0,0,0,1970-01-01 05:00:00,0
2020-10-16 13:04:13,4C:E5,2020-10-16 13:02:45,NORMAL,26.3,39.8,0.0,0,0,1970-01-01 05:00:00,0,0.0,0,0,1970-01-01 05:00:00,0
2020-10-16 13:04:14,4C:E5,2020-10-16 13:02:45,NORMAL,26.3,39.8,0.0,0,0,1970-01-01 05:00:00,0,0.0,0,0,1970-01-01 05:00:00,0
2020-10-16 13:04:15,4C:E5,2020-10-16 13:02:45,NORMAL,26.3,39.8,0.0,0,0,1970-01-01 05:00:00,0,0.0,0,0,1970-01-01 05:00:00,0
2020-10-16 13:04:16,4C:E5,2020-10-16 13:02:45,NORMAL,26.3,39.8,0.0,0,0,1970-01-01 05:00:00,0,0.0,0,0,1970-01-01 05:00:00,0
2020-10-16 13:04:17,4C:E5,2020-10-16 13:02:45,NORMAL,26.3,39.8,0.0,0,0,1970-01-01 05:00:00,0,0.0,0,0,1970-01-01 05:00:00,0
2020-10-16 13:04:18,4C:E5,2020-10-16 13:02:45,NORMAL,26.3,39.8,0.0,0,0,1970-01-01 05:00:00,0,0.0,0,0,1970-01-01 05:00:00,0
2020-10-16 13:04:19,4C:E5,2020-10-16 13:02:45,NORMAL,26.3,39.8,0.0,0,0,1970-01-01 05:00:00,0,0.0,0,0,1970-01-01 05:00:00,0
2020-10-16 13:04:20,4C:E5,2020-10-16 13:02:45,NORMAL,26.3,39.8,0.0,0,0,1970-01-01 05:00:00,0,0.0,0,0,1970-01-01 05:00:00,0
2020-10-16 13:04:21,4C:E5,2020-10-16 13:02:45,NORMAL,26.3,39.8,0.0,0,0,1970-01-01 05:00:00,0,0.0,0,0,1970-01-01 05:00:00,0
2020-10-16 13:04:22,4C:E5,2020-10-16 13:02:45,NORMAL,26.3,39.7,0.0,0,0,1970-01-01 05:00:00,0,0.0,0,0,1970-01-01 05:00:00,0
2020-10-16 13:04:23,4C:E5,2020-10-16 13:02:45,NORMAL,26.3,39.7,0.0,0,0,1970-01-01 05:00:00,0,0.0,0,0,1970-01-01 05:00:00,0
2020-10-16 13:04:24,4C:E5,2020-10-16 13:02:45,NORMAL,26.3,39.7,0.0,0,0,1970-01-01 05:00:00,0,0.0,0,0,1970-01-01 05:00:00,0
2020-10-16 13:04:25,4C:E5,2020-10-16 13:02:45,NORMAL,26.3,39.7,0.0,0,0,1970-01-01 05:00:00,0,0.0,0,0,1970-01-01 05:00:00,0
2020-10-16 13:04:26,4C:E5,2020-10-16 13:02:45,NORMAL,26.4,39.7,0.0,0,0,1970-01-01 05:00:00,0,0.0,0,0,1970-01-01 05:00:00,0
2020-10-16 13:04:27,4C:E5,2020-10-16 13:02:45,NORMAL,26.4,39.7,0.0,0,0,1970-01-01 05:00:00,0,0.0,0,0,1970-01-01 05:00:00,0
2020-10-16 13:04:28,4C:E5,2020-10-16 13:02:45,NORMAL,26.4,39.7,0.0,0,0,1970-01-01 05:00:00,0,0.0,0,0,1970-01-01 05:00:00,0
2020-10-16 13:04:29,4C:E5,2020-10-16 13:02:45,NORMAL,26.3,39.7,0.0,0,0,1970-01-01 05:00:00,0,0.0,0,0,1970-01-01 05:00:00,0
2020-10-16 13:04:30,4C:E5,2020-10-16 13:02:45,NORMAL,26.3,39.7,0.0,0,0,1970-01-01 05:00:00,0,0.0,0,0,1970-01-01 05:00:00,0
2020-10-16 13:04:31,4C:E5,2020-10-16 13:02:45,NORMAL,26.3,39.7,0.0,0,0,1970-01-01 05:00:00,0,0.0,0,0,1970-01-01 05:00:00,0
2020-10-16 13:04:32,4C:E5,2020-10-16 13:02:45,NORMAL,26.3,39.7,0.0,0,0,1970-01-01 05:00:00,0,0.0,0,0,1970-01-01 05:00:00,0
2020-10-16 13:04:33,4C:E5,2020-10-16 13:02:45,NORMAL,26.4,39.7,0.0,0,0,1970-01-01 05:00:00,0,0.0,0,0,1970-01-01 05:00:00,0
2020-10-16 13:04:34,4C:E5,2020-10-16 13:02:45,NORMAL,26.4,39.7,0.0,0,0,1970-01-01 05:00:00,0,0.0,0,0,1970-01-01 05:00:00,0
2020-10-16 13:04:35,4C:E5,2020-10-16 13:02:45,NORMAL,26.4,39.7,0.0,0,0,1970-01-01 05:00:00,0,0.0,0,0,1970-01-01 05:00:00,0
2020-10-16 13:04:36,4C:E5,2020-10-16 13:02:45,NORMAL,26.4,39.7,0.0,0,0,1970-01-01 05:00:00,0,0.0,0,0,1970-01-01 05:00:00,0
2020-10-16 13:04:37,4C:E5,2020-10-16 13:02:45,NORMAL,26.4,39.7,0.0,0,0,1970-01-01 05:00:00,0,0.0,0,0,1970-01-01 05:00:00,0
2020-10-16 13:04:38,4C:E5,2020-10-16 13:02:45,NORMAL,26.4,39.7,0.0,0,0,1970-01-01 05:00:00,0,0.0,0,0,1970-01-01 05:00:00,0
2020-10-16 13:04:39,4C:E5,2020-10-16 13:02:45,NORMAL,26.4,39.7,0.0,0,0,1970-01-01 05:00:00,0,0.0,0,0,1970-01-01 05:00:00,0
2020-10-16 13:04:40,4C:E5,2020-10-16 13:02:45,NORMAL,26.4,39.7,0.0,0,0,1970-01-01 05:00:00,0,0.0,0,0,1970-01-01 05:00:00,0
2020-10-16 13:04:41,4C:E5,2020-10-16 13:02:45,NORMAL,26.4,39.7,0.0,0,0,1970-01-01 05:00:00,0,0.0,0,0,1970-01-01 05:00:00,0
2020-10-16 13:04:42,4C:E5,2020-10-16 13:02:45,NORMAL,26.4,39.7,0.0,0,0,1970-01-01 05:00:00,0,0.0,0,0,1970-01-01 05:00:00,0
2020-10-16 13:04:43,4C:E5,2020-10-16 13:02:45,NORMAL,26.4,39.7,0.0,0,0,1970-01-01 05:00:00,0,0.0,0,0,1970-01-01 05:00:00,0
2020-10-16 13:04:44,4C:E5,2020-10-16 13:02:45,NORMAL,26.4,39.7,0.0,0,0,1970-01-01 05:00:00,0,0.0,0,0,1970-01-01 05:00:00,0
2020-10-16 13:04:45,4C:E5,2020-10-16 13:02:45,NORMAL,26.4,39.7,0.0,0,0,1970-01-01 05:00:00,0,0.0,0,0,1970-01-01 05:00:00,0
2020-10-16 13:04:46,4C:E5,2020-10-16 13:02:45,NORMAL,26.4,39.7,0.0,0,0,1970-01-01 05:00:00,0,0.0,0,0,1970-01-01 05:00:00,0
2020-10-16 13:04:47,4C:E5,2020-10-16 13:02:45,NORMAL,26.4,39.7,0.0,0,0,1970-01-01 05:00:00,0,0.0,0,0,1970-01-01 05:00:00,0
2020-10-16 13:04:48,4C:E5,2020-10-16 13:02:45,NORMAL,26.4,39.7,0.0,0,0,1970-01-01 05:00:00,0,0.0,0,0,1970-01-01 05:00:00,0
2020-10-16 13:04:49,4C:E5,2020-10-16 13:02:45,NORMAL,26.4,39.7,0.0,0,0,1970-01-01 05:00:00,0,0.0,0,0,1970-01-01 05:00:00,0
2020-10-16 13:04:50,4C:E5,2020-10-16 13:02:45,NORMAL,26.4,39.8,0.0,0,0,1970-01-01 05:00:00,0,0.0,0,0,1970-01-01 05:00:00,0
2020-10-16 13:04:51,4C:E5,2020-10-16 13:02:45,NORMAL,26.4,39.8,0.0,0,0,1970-01-01 05:00:00,0,0.0,0,0,1970-01-01 05:00:00,0
2020-10-16 13:04:52,4C:E5,2020-10-16 13:02:45,NORMAL,26.4,39.8,0.0,0,0,1970-01-01 05:00:00,0,0.0,0,0,1970-01-01 05:00:00,0
2020-10-16 13:04:53,4C:E5,2020-10-16 13:02:45,NORMAL,26.4,39.8,0.0,0,0,1970-01-01 05:00:00,0,0.0,0,0,1970-01-01 05:00:00,0
2020-10-16 13:04:54,4C:E5,2020-10-16 13:02:45,NORMAL,26.4,39.8,0.0,0,0,1970-01-01 05:00:00,0,0.0,0,0,1970-01-01 05:00:00,0
2020-10-16 13:04:55,4C:E5,2020-10-16 13:02:45,NORMAL,26.4,39.8,0.0,0,0,1970-01-01 05:00:00,0,0.0,0,0,1970-01-01 05:00:00,0
2020-10-16 13:04:56,4C:E5,2020-10-16 13:02:45,NORMAL,26.4,39.8,0.0,0,0,1970-01-01 05:00:00,0,0.0,0,0,1970-01-01 05:00:00,0
2020-10-16 13:04:57,4C:E5,2020-10-16 13:02:45,NORMAL,26.4,39.8,0.0,0,0,1970-01-01 05:00:00,0,0.0,0,0,1970-01-01 05:00:00,0
2020-10-16 13:04:58,4C:E5,2020-10-16 13:02:45,NORMAL,26.4,39.8,0.0,0,0,1970-01-01 05:00:00,0,0.0,0,0,1970-01-01 05:00:00,0
2020-10-16 13:04:59,4C:E5,2020-10-16 13:02:45,NORMAL,26.4,39.8,0.0,0,0,1970-01-01 05:00:00,0,0.0,0,0,1970-01-01 05:00:00,0
2020-10-16 13:05:00,4C:E5,2020-10-16 13:02:45,NORMAL,26.4,39.8,0.0,0,0,1970-01-01 05:00:00,0,0.0,0,0,1970-01-01 05:00:00,0
2020-10-16 13:05:01,4C:E5,2020-10-16 13:02:45,NORMAL,26.4,39.8,0.0,0,0,1970-01-01 05:00:00,0,0.0,0,0,1970-01-01 05:00:00,0
2020-10-16 13:05:02,4C:E5,2020-10-16 13:02:45,NORMAL,26.4,39.8,0.0,0,0,1970-01-01 05:00:00,0,0.0,0,0,1970-01-01 05:00:00,0
2020-10-16 13:05:03,4C:E5,2020-10-16 13:02:45,NORMAL,26.4,39.8,0.0,0,0,1970-01-01 05:00:00,0,0.0,0,0,1970-01-01 05:00:00,0
2020-10-16 13:05:04,4C:E5,2020-10-16 13:02:45,NORMAL,26.4,39.8,0.0,0,0,1970-01-01 05:00:00,0,0.0,0,0,1970-01-01 05:00:00,0
2020-10-16 13:05:05,4C:E5,2020-10-16 13:02:45,NORMAL,26.4,39.8,0.0,0,0,1970-01-01 05:00:00,0,0.0,0,0,1970-01-01 05:00:00,0
2020-10-16 13:05:06,4C:E5,2020-10-16 13:02:45,NORMAL,26.4,39.8,0.0,0,0,1970-01-01 05:00:00,0,0.0,0,0,1970-01-01 05:00:00,0
2020-10-16 13:05:07,4C:E5,2020-10-16 13:02:45,NORMAL,26.4,39.7,0.0,0,0,1970-01-01 05:00:00,0,0.0,0,0,1970-01-01 05:00:00,0
2020-10-16 13:05:08,4C:E5,2020-10-16 13:02:45,NORMAL,26.4,39.7,0.0,0,0,1970-01-01 05:00:00,0,0.0,0,0,1970-01-01 05:00:00,0
2020-10-16 13:05:09,4C:E5,2020-10-16 13:02:45,NORMAL,26.4,39.7,0.0,0,0,1970-01-01 05:00:00,0,0.0,0,0,1970-01-01 05:00:00,0
2020-10-16 13:05:10,4C:E5,2020-10-16 13:02:45,NORMAL,26.4,39.7,0.0,0,0,1970-01-01 05:00:00,0,0.0,0,0,1970-01-01 05:00:00,0
2020-10-16 13:05:11,4C:E5,2020-10-16 13:02:45,NORMAL,26.4,39.6,0.0,0,0,1970-01-01 05:00:00,0,0.0,0,0,1970-01-01 05:00:00,0
2020-10-16 13:05:12,4C:E5,2020-10-16 13:02:45,NORMAL,26.4,39.6,0.0,0,0,1970-01-01 05:00:00,0,0.0,0,0,1970-01-01 05:00:00,0
2020-10-16 13:05:13,4C:E5,2020-10-16 13:02:45,NORMAL,26.4,39.6,0.0,0,0,1970-01-01 05:00:00,0,0.0,0,0,1970-01-01 05:00:00,0
2020-10-16 13:05:14,4C:E5,2020-10-16 13:02:45,NORMAL,26.4,39.6,0.0,0,0,1970-01-01 05:00:00,0,0.0,0,0,1970-01-01 05:00:00,0
2020-10-16 13:05:15,4C:E5,2020-10-16 13:02:45,NORMAL,26.4,39.6,0.0,0,0,1970-01-01 05:00:00,0,0.0,0,0,1970-01-01 05:00:00,0
2020-10-16 13:05:16,4C:E5,2020-10-16 13:02:45,NORMAL,26.4,39.6,0.0,0,0,1970-01-01 05:00:00,0,0.0,0,0,1970-01-01 05:00:00,0
2020-10-16 13:05:17,4C:E5,2020-10-16 13:02:45,NORMAL,26.4,39.6,0.0,0,0,1970-01-01 05:00:00,0,0.0,0,0,1970-01-01 05:00:00,0
2020-10-16 13:05:18,4C:E5,2020-10-16 13:02:45,NORMAL,26.4,39.5,0.0,0,0,1970-01-01 05:00:00,0,0.0,0,0,1970-01-01 05:00:00,0
2020-10-16 13:05:19,4C:E5,2020-10-16 13:02:45,NORMAL,26.4,39.5,0.0,0,0,1970-01-01 05:00:00,0,0.0,0,0,1970-01-01 05:00:00,0
2020-10-16 13:05:20,4C:E5,2020-10-16 13:02:45,NORMAL,26.4,39.5,0.0,0,0,1970-01-01 05:00:00,0,0.0,0,0,1970-01-01 05:00:00,0
2020-10-16 13:05:21,4C:E5,2020-10-16 13:02:45,NORMAL,26.4,39.5,0.0,0,0,1970-01-01 05:00:00,0,0.0,0,0,1970-01-01 05:00:00,0
2020-10-16 13:05:22,4C:E5,2020-10-16 13:02:45,NORMAL,26.4,39.5,0.0,0,0,1970-01-01 05:00:00,0,0.0,0,0,1970-01-01 05:00:00,0
2020-10-16 13:05:23,4C:E5,2020-10-16 13:02:45,NORMAL,26.4,39.5,0.0,0,0,1970-01-01 05:00:00,0,0.0,0,0,1970-01-01 05:00:00,0
2020-10-16 13:05:24,4C:E5,2020-10-16 13:02:45,NORMAL,26.4,39.4,0.0,0,0,1970-01-01 05:00:00,0,0.0,0,0,1970-01-01 05:00:00,0
2020-10-16 13:05:25,4C:E5,2020-10-16 13:02:45,NORMAL,26.4,39.4,0.0,0,0,1970-01-01 05:00:00,0,0.0,0,0,1970-01-01 05:00:00,0
2020-10-16 13:05:26,4C:E5,2020-10-16 13:02:45,NORMAL,26.4,39.4,0.0,0,0,1970-01-01 05:00:00,0,0.0,0,0,1970-01-01 05:00:00,0
2020-10-16 13:05:27,4C:E5,2020-10-16 13:02:45,NORMAL,26.4,39.4,0.0,0,0,1970-01-01 05:00:00,0,0.0,0,0,1970-01-01 05:00:00,0
2020-10-16 13:05:28,4C:E5,2020-10-16 13:02:45,NORMAL,26.4,39.4,0.0,0,0,1970-01-01 05:00:00,0,0.0,0,0,1970-01-01 05:00:00,0
2020-10-16 13:05:29,4C:E5,2020-10-16 13:02:45,NORMAL,26.4,39.4,0.0,0,0,1970-01-01 05:00:00,0,0.0,0,0,1970-01-01 05:00:00,0
2020-10-16 13:05:30,4C:E5,2020-10-16 13:02:45,NORMAL,26.4,39.4,0.0,0,0,1970-01-01 05:00:00,0,0.0,0,0,1970-01-01 05:00:00,0
2020-10-16 13:05:31,4C:E5,2020-10-16 13:02:45,NORMAL,26.4,39.4,0.0,0,0,1970-01-01 05:00:00,0,0.0,0,0,1970-01-01 05:00:00,0
2020-10-16 13:05:32,4C:E5,2020-10-16 13:02:45,NORMAL,26.4,39.4,0.0,0,0,1970-01-01 05:00:00,0,0.0,0,0,1970-01-01 05:00:00,0
2020-10-16 13:05:33,4C:E5,2020-10-16 13:02:45,NORMAL,26.4,39.4,0.0,0,0,1970-01-01 05:00:00,0,0.0,0,0,1970-01-01 05:00:00,0
2020-10-16 13:05:34,4C:E5,2020-10-16 13:02:45,NORMAL,26.4,39.4,0.0,0,0,1970-01-01 05:00:00,0,0.0,0,0,1970-01-01 05:00:00,0
2020-10-16 13:05:35,4C:E5,2020-10-16 13:02:45,NORMAL,26.4,39.3,0.0,0,0,1970-01-01 05:00:00,0,0.0,0,0,1970-01-01 05:00:00,0
2020-10-16 13:05:36,4C:E5,2020-10-16 13:02:45,NORMAL,26.4,39.3,0.0,0,0,1970-01-01 05:00:00,0,0.0,0,0,1970-01-01 05:00:00,0
2020-10-16 13:05:37,4C:E5,2020-10-16 13:02:45,NORMAL,26.4,39.3,0.0,0,0,1970-01-01 05:00:00,0,0.0,0,0,1970-01-01 05:00:00,0
2020-10-16 13:05:38,4C:E5,2020-10-16 13:02:45,NORMAL,26.4,39.3,0.0,0,0,1970-01-01 05:00:00,0,0.0,0,0,1970-01-01 05:00:00,0
2020-10-16 13:05:39,4C:E5,2020-10-16 13:02:45,NORMAL,26.4,39.3,0.0,0,0,1970-01-01 05:00:00,0,0.0,0,0,1970-01-01 05:00:00,0
2020-10-16 13:05:40,4C:E5,2020-10-16 13:02:45,NORMAL,26.4,39.3,0.0,0,0,1970-01-01 05:00:00,0,0.0,0,0,1970-01-01 05:00:00,0
2020-10-16 13:05:41,4C:E5,2020-10-16 13:02:45,NORMAL,26.4,39.3,0.0,0,0,1970-01-01 05:00:00,0,0.0,0,0,1970-01-01 05:00:00,0
2020-10-16 13:05:42,4C:E5,2020-10-16 13:02:45,NORMAL,26.4,39.3,0.0,0,0,1970-01-01 05:00:00,0,0.0,0,0,1970-01-01 05:00:00,0
2020-10-16 13:05:43,4C:E5,2020-10-16 13:02:45,NORMAL,26.4,39.3,0.0,0,0,1970-01-01 05:00:00,0,0.0,0,0,1970-01-01 05:00:00,0
2020-10-16 13:05:44,4C:E5,2020-10-16 13:02:45,NORMAL,26.4,39.3,0.0,0,0,1970-01-01 05:00:00,0,0.0,0,0,1970-01-01 05:00:00,0
2020-10-16 13:05:45,4C:E5,2020-10-16 13:02:45,NORMAL,26.4,39.3,0.0,0,0,1970-01-01 05:00:00,0,0.0,0,0,1970-01-01 05:00:00,0
2020-10-16 13:05:46,4C:E5,2020-10-16 13:02:45,NORMAL,26.4,39.3,0.0,0,0,1970-01-01 05:00:00,0,0.0,0,0,1970-01-01 05:00:00,0
2020-10-16 13:05:47,4C:E5,2020-10-16 13:02:45,NORMAL,26.4,39.3,0.0,0,0,1970-01-01 05:00:00,0,0.0,0,0,1970-01-01 05:00:00,0
2020-10-16 13:05:48,4C:E5,2020-10-16 13:02:45,NORMAL,26.4,39.3,0.0,0,0,1970-01-01 05:00:00,0,0.0,0,0,1970-01-01 05:00:00,0
2020-10-16 13:05:49,4C:E5,2020-10-16 13:02:45,NORMAL,26.4,39.2,0.0,0,0,1970-01-01 05:00:00,0,0.0,0,0,1970-01-01 05:00:00,0
2020-10-16 13:05:50,4C:E5,2020-10-16 13:02:45,NORMAL,26.4,39.2,0.0,0,0,1970-01-01 05:00:00,0,0.0,0,0,1970-01-01 05:00:00,0
2020-10-16 13:05:51,4C:E5,2020-10-16 13:02:45,NORMAL,26.4,39.2,0.0,0,0,1970-01-01 05:00:00,0,0.0,0,0,1970-01-01 05:00:00,0
2020-10-16 13:05:52,4C:E5,2020-10-16 13:02:45,NORMAL,26.4,39.2,0.0,0,0,1970-01-01 05:00:00,0,0.0,0,0,1970-01-01 05:00:00,0
2020-10-16 13:05:53,4C:E5,2020-10-16 13:02:45,NORMAL,26.4,39.2,0.0,0,0,1970-01-01 05:00:00,0,0.0,0,0,1970-01-01 05:00:00,0
2020-10-16 13:05:54,4C:E5,2020-10-16 13:02:45,NORMAL,26.4,39.2,0.0,0,0,1970-01-01 05:00:00,0,0.0,0,0,1970-01-01 05:00:00,0
2020-10-16 13:05:55,4C:E5,2020-10-16 13:02:45,NORMAL,26.4,39.2,0.0,0,0,1970-01-01 05:00:00,0,0.0,0,0,1970-01-01 05:00:00,0
2020-10-16 13:05:56,4C:E5,2020-10-16 13:02:45,NORMAL,26.4,39.2,0.0,0,0,1970-01-01 05:00:00,0,0.0,0,0,1970-01-01 05:00:00,0
2020-10-16 13:05:57,4C:E5,2020-10-16 13:02:45,NORMAL,26.4,39.2,0.0,0,0,1970-01-01 05:00:00,0,0.0,0,0,1970-01-01 05:00:00,0
2020-10-16 13:05:58,4C:E5,2020-10-16 13:02:45,NORMAL,26.4,39.2,0.0,0,0,1970-01-01 05:00:00,0,0.0,0,0,1970-01-01 05:00:00,0
2020-10-16 13:05:59,4C:E5,2020-10-16 13:02:45,NORMAL,26.4,39.2,0.0,0,0,1970-01-01 05:00:00,0,0.0,0,0,1970-01-01 05:00:00,0
2020-10-16 13:06:00,4C:E5,2020-10-16 13:02:45,NORMAL,26.4,39.2,0.0,0,0,1970-01-01 05:00:00,0,0.0,0,0,1970-01-01 05:00:00,0
2020-10-16 13:06:01,4C:E5,2020-10-16 13:02:45,NORMAL,26.4,39.2,0.0,0,0,1970-01-01 05:00:00,0,0.0,0,0,1970-01-01 05:00:00,0
2020-10-16 13:06:02,4C:E5,2020-10-16 13:02:45,NORMAL,26.4,39.2,0.0,0,0,1970-01-01 05:00:00,0,0.0,0,0,1970-01-01 05:00:00,0
2020-10-16 13:06:03,4C:E5,2020-10-16 13:02:45,NORMAL,26.4,39.2,0.0,0,0,1970-01-01 05:00:00,0,0.0,0,0,1970-01-01 05:00:00,0
2020-10-16 13:06:04,4C:E5,2020-10-16 13:02:45,NORMAL,26.4,39.2,0.0,0,0,1970-01-01 05:00:00,0,0.0,0,0,1970-01-01 05:00:00,0
2020-10-16 13:06:05,4C:E5,2020-10-16 13:02:45,NORMAL,26.4,39.2,0.0,0,0,1970-01-01 05:00:00,0,0.0,0,0,1970-01-01 05:00:00,0
2020-10-16 13:06:06,4C:E5,2020-10-16 13:02:45,NORMAL,26.4,39.1,0.0,0,0,1970-01-01 05:00:00,0,0.0,0,0,1970-01-01 05:00:00,0
2020-10-16 13:06:07,4C:E5,2020-10-16 13:02:45,NORMAL,26.4,39.1,0.0,0,0,1970-01-01 05:00:00,0,0.0,0,0,1970-01-01 05:00:00,0
2020-10-16 13:06:08,4C:E5,2020-10-16 13:02:45,NORMAL,26.4,39.1,0.0,0,0,1970-01-01 05:00:00,0,0.0,0,0,1970-01-01 05:00:00,0
2020-10-16 13:06:09,4C:E5,2020-10-16 13:02:45,NORMAL,26.4,39.1,0.0,0,0,1970-01-01 05:00:00,0,0.0,0,0,1970-01-01 05:00:00,0
2020-10-16 13:06:10,4C:E5,2020-10-16 13:02:45,NORMAL,26.4,39.1,0.0,0,0,1970-01-01 05:00:00,0,0.0,0,0,1970-01-01 05:00:00,0
2020-10-16 13:06:11,4C:E5,2020-10-16 13:02:45,NORMAL,26.4,39.1,0.0,0,0,1970-01-01 05:00:00,0,0.0,0,0,1970-01-01 05:00:00,0
2020-10-16 13:06:12,4C:E5,2020-10-16 13:02:45,NORMAL,26.4,39.1,0.0,0,0,1970-01-01 05:00:00,0,0.0,0,0,1970-01-01 05:00:00,0
2020-10-16 13:06:13,4C:E5,2020-10-16 13:02:45,NORMAL,26.4,39.0,0.0,0,0,1970-01-01 05:00:00,0,0.0,0,0,1970-01-01 05:00:00,0
2020-10-16 13:06:14,4C:E5,2020-10-16 13:02:45,NORMAL,26.4,39.0,0.0,0,0,1970-01-01 05:00:00,0,0.0,0,0,1970-01-01 05:00:00,0
2020-10-16 13:06:15,4C:E5,2020-10-16 13:02:45,NORMAL,26.4,39.0,0.0,0,0,1970-01-01 05:00:00,0,0.0,0,0,1970-01-01 05:00:00,0
2020-10-16 13:06:16,4C:E5,2020-10-16 13:02:45,NORMAL,26.4,39.0,0.0,0,0,1970-01-01 05:00:00,0,0.0,0,0,1970-01-01 05:00:00,0
2020-10-16 13:06:17,4C:E5,2020-10-16 13:02:45,NORMAL,26.4,39.0,0.0,0,0,1970-01-01 05:00:00,0,0.0,0,0,1970-01-01 05:00:00,0
2020-10-16 13:06:18,4C:E5,2020-10-16 13:02:45,NORMAL,26.4,39.0,0.0,0,0,1970-01-01 05:00:00,0,0.0,0,0,1970-01-01 05:00:00,0
2020-10-16 13:06:19,4C:E5,2020-10-16 13:02:45,NORMAL,26.4,39.0,0.0,0,0,1970-01-01 05:00:00,0,0.0,0,0,1970-01-01 05:00:00,0
2020-10-16 13:06:20,4C:E5,2020-10-16 13:02:45,NORMAL,26.4,38.9,0.0,0,0,1970-01-01 05:00:00,0,0.0,0,0,1970-01-01 05:00:00,0
2020-10-16 13:06:21,4C:E5,2020-10-16 13:02:45,NORMAL,26.4,38.9,0.0,0,0,1970-01-01 05:00:00,0,0.0,0,0,1970-01-01 05:00:00,0
2020-10-16 13:06:22,4C:E5,2020-10-16 13:02:45,NORMAL,26.4,38.9,0.0,0,0,1970-01-01 05:00:00,0,0.0,0,0,1970-01-01 05:00:00,0
2020-10-16 13:06:23,4C:E5,2020-10-16 13:02:45,NORMAL,26.4,38.9,0.0,0,0,1970-01-01 05:00:00,0,0.0,0,0,1970-01-01 05:00:00,0
2020-10-16 13:06:24,4C:E5,2020-10-16 13:02:45,NORMAL,26.4,38.9,0.0,0,0,1970-01-01 05:00:00,0,0.0,0,0,1970-01-01 05:00:00,0
2020-10-16 13:06:25,4C:E5,2020-10-16 13:02:45,NORMAL,26.4,38.9,0.0,0,0,1970-01-01 05:00:00,0,0.0,0,0,1970-01-01 05:00:00,0
2020-10-16 13:06:26,4C:E5,2020-10-16 13:02:45,NORMAL,26.4,38.9,0.0,0,0,1970-01-01 05:00:00,0,0.0,0,0,1970-01-01 05:00:00,0
2020-10-16 13:06:27,4C:E5,2020-10-16 13:02:45,NORMAL,26.4,39.0,0.0,0,0,1970-01-01 05:00:00,0,0.0,0,0,1970-01-01 05:00:00,0
2020-10-16 13:06:28,4C:E5,2020-10-16 13:02:45,NORMAL,26.4,39.0,0.0,0,0,1970-01-01 05:00:00,0,0.0,0,0,1970-01-01 05:00:00,0
2020-10-16 13:06:29,4C:E5,2020-10-16 13:02:45,NORMAL,26.4,39.0,0.0,0,0,1970-01-01 05:00:00,0,0.0,0,0,1970-01-01 05:00:00,0
2020-10-16 13:06:30,4C:E5,2020-10-16 13:02:45,NORMAL,26.4,39.0,0.0,0,0,1970-01-01 05:00:00,0,0.0,0,0,1970-01-01 05:00:00,0
2020-10-16 13:06:31,4C:E5,2020-10-16 13:02:45,NORMAL,26.4,39.0,0.0,0,0,1970-01-01 05:00:00,0,0.0,0,0,1970-01-01 05:00:00,0
2020-10-16 13:06:32,4C:E5,2020-10-16 13:02:45,NORMAL,26.4,39.0,0.0,0,0,1970-01-01 05:00:00,0,0.0,0,0,1970-01-01 05:00:00,0
2020-10-16 13:06:33,4C:E5,2020-10-16 13:02:45,NORMAL,26.4,39.0,0.0,0,0,1970-01-01 05:00:00,0,0.0,0,0,1970-01-01 05:00:00,0
2020-10-16 13:06:34,4C:E5,2020-10-16 13:02:45,NORMAL,26.4,39.0,0.0,0,0,1970-01-01 05:00:00,0,0.0,0,0,1970-01-01 05:00:00,0
2020-10-16 13:06:35,4C:E5,2020-10-16 13:02:45,NORMAL,26.4,39.0,0.0,0,0,1970-01-01 05:00:00,0,0.0,0,0,1970-01-01 05:00:00,0
2020-10-16 13:06:36,4C:E5,2020-10-16 13:02:45,NORMAL,26.4,39.0,0.0,0,0,1970-01-01 05:00:00,0,0.0,0,0,1970-01-01 05:00:00,0
2020-10-16 13:06:37,4C:E5,2020-10-16 13:02:45,NORMAL,26.4,39.1,0.0,0,0,1970-01-01 05:00:00,0,0.0,0,0,1970-01-01 05:00:00,0
2020-10-16 13:06:38,4C:E5,2020-10-16 13:02:45,NORMAL,26.4,39.1,0.0,0,0,1970-01-01 05:00:00,0,0.0,0,0,1970-01-01 05:00:00,0
2020-10-16 13:06:39,4C:E5,2020-10-16 13:02:45,NORMAL,26.4,39.1,0.0,0,0,1970-01-01 05:00:00,0,0.0,0,0,1970-01-01 05:00:00,0
2020-10-16 13:06:40,4C:E5,2020-10-16 13:02:45,NORMAL,26.4,39.1,0.0,0,0,1970-01-01 05:00:00,0,0.0,0,0,1970-01-01 05:00:00,0
2020-10-16 13:06:41,4C:E5,2020-10-16 13:02:45,NORMAL,26.4,39.1,0.0,0,0,1970-01-01 05:00:00,0,0.0,0,0,1970-01-01 05:00:00,0
2020-10-16 13:06:42,4C:E5,2020-10-16 13:02:45,NORMAL,26.4,39.1,0.0,0,0,1970-01-01 05:00:00,0,0.0,0,0,1970-01-01 05:00:00,0
2020-10-16 13:06:43,4C:E5,2020-10-16 13:02:45,NORMAL,26.4,39.1,0.0,0,0,1970-01-01 05:00:00,0,0.0,0,0,1970-01-01 05:00:00,0
2020-10-16 13:06:44,4C:E5,2020-10-16 13:02:45,NORMAL,26.4,39.2,0.0,0,0,1970-01-01 05:00:00,0,0.0,0,0,1970-01-01 05:00:00,0
2020-10-16 13:06:45,4C:E5,2020-10-16 13:02:45,NORMAL,26.4,39.2,0.0,0,0,1970-01-01 05:00:00,0,0.0,0,0,1970-01-01 05:00:00,0
2020-10-16 13:06:46,4C:E5,2020-10-16 13:02:45,NORMAL,26.4,39.2,0.0,0,0,1970-01-01 05:00:00,0,0.0,0,0,1970-01-01 05:00:00,0
2020-10-16 13:06:47,4C:E5,2020-10-16 13:02:45,NORMAL,26.4,39.3,0.0,0,0,1970-01-01 05:00:00,0,0.0,0,0,1970-01-01 05:00:00,0
2020-10-16 13:06:48,4C:E5,2020-10-16 13:02:45,NORMAL,26.4,39.3,0.0,0,0,1970-01-01 05:00:00,0,0.0,0,0,1970-01-01 05:00:00,0
2020-10-16 13:06:49,4C:E5,2020-10-16 13:02:45,NORMAL,26.4,39.3,0.0,0,0,1970-01-01 05:00:00,0,0.0,0,0,1970-01-01 05:00:00,0
2020-10-16 13:06:50,4C:E5,2020-10-16 13:02:45,NORMAL,26.4,39.3,0.0,0,0,1970-01-01 05:00:00,0,0.0,0,0,1970-01-01 05:00:00,0
2020-10-16 13:06:51,4C:E5,2020-10-16 13:02:45,NORMAL,26.4,39.4,0.0,0,0,1970-01-01 05:00:00,0,0.0,0,0,1970-01-01 05:00:00,0
2020-10-16 13:06:52,4C:E5,2020-10-16 13:02:45,NORMAL,26.4,39.4,0.0,0,0,1970-01-01 05:00:00,0,0.0,0,0,1970-01-01 05:00:00,0
2020-10-16 13:06:53,4C:E5,2020-10-16 13:02:45,NORMAL,26.4,39.4,0.0,0,0,1970-01-01 05:00:00,0,0.0,0,0,1970-01-01 05:00:00,0
2020-10-16 13:06:54,4C:E5,2020-10-16 13:02:45,NORMAL,26.4,39.6,0.0,0,0,1970-01-01 05:00:00,0,0.0,0,0,1970-01-01 05:00:00,0
2020-10-16 13:06:55,4C:E5,2020-10-16 13:02:45,NORMAL,26.4,39.6,0.0,0,0,1970-01-01 05:00:00,0,0.0,0,0,1970-01-01 05:00:00,0
2020-10-16 13:06:56,4C:E5,2020-10-16 13:02:45,NORMAL,26.4,39.6,0.0,0,0,1970-01-01 05:00:00,0,0.0,0,0,1970-01-01 05:00:00,0
2020-10-16 13:06:57,4C:E5,2020-10-16 13:02:45,NORMAL,26.4,39.6,0.0,0,0,1970-01-01 05:00:00,0,0.0,0,0,1970-01-01 05:00:00,0
2020-10-16 13:06:58,4C:E5,2020-10-16 13:02:45,NORMAL,26.4,39.7,0.0,0,0,1970-01-01 05:00:00,0,0.0,0,0,1970-01-01 05:00:00,0
2020-10-16 13:06:59,4C:E5,2020-10-16 13:02:45,NORMAL,26.4,39.7,0.0,0,0,1970-01-01 05:00:00,0,0.0,0,0,1970-01-01 05:00:00,0
2020-10-16 13:07:00,4C:E5,2020-10-16 13:02:45,NORMAL,26.4,39.7,0.0,0,0,1970-01-01 05:00:00,0,0.0,0,0,1970-01-01 05:00:00,0
2020-10-16 13:07:01,4C:E5,2020-10-16 13:02:45,NORMAL,26.4,39.8,0.0,0,0,1970-01-01 05:00:00,0,0.0,0,0,1970-01-01 05:00:00,0
2020-10-16 13:07:02,4C:E5,2020-10-16 13:02:45,NORMAL,26.4,39.8,0.0,0,0,1970-01-01 05:00:00,0,0.0,0,0,1970-01-01 05:00:00,0
2020-10-16 13:07:03,4C:E5,2020-10-16 13:02:45,NORMAL,26.4,39.8,0.0,0,0,1970-01-01 05:00:00,0,0.0,0,0,1970-01-01 05:00:00,0
2020-10-16 13:07:04,4C:E5,2020-10-16 13:02:45,NORMAL,26.4,39.8,0.0,0,0,1970-01-01 05:00:00,0,0.0,0,0,1970-01-01 05:00:00,0
2020-10-16 13:07:05,4C:E5,2020-10-16 13:02:45,NORMAL,26.4,39.9,0.0,0,0,1970-01-01 05:00:00,0,0.0,0,0,1970-01-01 05:00:00,0
2020-10-16 13:07:06,4C:E5,2020-10-16 13:02:45,NORMAL,26.4,39.9,0.0,0,0,1970-01-01 05:00:00,0,0.0,0,0,1970-01-01 05:00:00,0
2020-10-16 13:07:07,4C:E5,2020-10-16 13:02:45,NORMAL,26.4,39.9,0.0,0,0,1970-01-01 05:00:00,0,0.0,0,0,1970-01-01 05:00:00,0
2020-10-16 13:07:08,4C:E5,2020-10-16 13:02:45,NORMAL,26.4,40.0,0.0,0,0,1970-01-01 05:00:00,0,0.0,0,0,1970-01-01 05:00:00,0
2020-10-16 13:07:09,4C:E5,2020-10-16 13:02:45,NORMAL,26.4,40.0,0.0,0,0,1970-01-01 05:00:00,0,0.0,0,0,1970-01-01 05:00:00,0
2020-10-16 13:07:10,4C:E5,2020-10-16 13:02:45,NORMAL,26.4,40.0,0.0,0,0,1970-01-01 05:00:00,0,0.0,0,0,1970-01-01 05:00:00,0
2020-10-16 13:07:11,4C:E5,2020-10-16 13:02:45,NORMAL,26.4,40.0,0.0,0,0,1970-01-01 05:00:00,0,0.0,0,0,1970-01-01 05:00:00,0
2020-10-16 13:07:12,4C:E5,2020-10-16 13:02:45,NORMAL,26.4,40.2,0.0,0,0,1970-01-01 05:00:00,0,0.0,0,0,1970-01-01 05:00:00,0
2020-10-16 13:07:13,4C:E5,2020-10-16 13:02:45,NORMAL,26.4,40.2,0.0,0,0,1970-01-01 05:00:00,0,0.0,0,0,1970-01-01 05:00:00,0
2020-10-16 13:07:14,4C:E5,2020-10-16 13:02:45,NORMAL,26.4,40.2,0.0,0,0,1970-01-01 05:00:00,0,0.0,0,0,1970-01-01 05:00:00,0
2020-10-16 13:07:15,4C:E5,2020-10-16 13:02:45,NORMAL,26.4,40.2,0.0,0,0,1970-01-01 05:00:00,0,0.0,0,0,1970-01-01 05:00:00,0
2020-10-16 13:07:16,4C:E5,2020-10-16 13:02:45,NORMAL,26.4,40.2,0.0,0,0,1970-01-01 05:00:00,0,0.0,0,0,1970-01-01 05:00:00,0
2020-10-16 13:07:17,4C:E5,2020-10-16 13:02:45,NORMAL,26.4,40.2,0.0,0,0,1970-01-01 05:00:00,0,0.0,0,0,1970-01-01 05:00:00,0
2020-10-16 13:07:18,4C:E5,2020-10-16 13:02:45,NORMAL,26.4,40.3,0.0,0,0,1970-01-01 05:00:00,0,0.0,0,0,1970-01-01 05:00:00,0
2020-10-16 13:07:19,4C:E5,2020-10-16 13:02:45,NORMAL,26.4,40.3,0.0,0,0,1970-01-01 05:00:00,0,0.0,0,0,1970-01-01 05:00:00,0
2020-10-16 13:07:20,4C:E5,2020-10-16 13:02:45,NORMAL,26.4,40.3,0.0,0,0,1970-01-01 05:00:00,0,0.0,0,0,1970-01-01 05:00:00,0
2020-10-16 13:07:21,4C:E5,2020-10-16 13:02:45,NORMAL,26.4,40.3,0.0,0,0,1970-01-01 05:00:00,0,0.0,0,0,1970-01-01 05:00:00,0
2020-10-16 13:07:22,4C:E5,2020-10-16 13:02:45,NORMAL,26.4,40.5,0.0,0,0,1970-01-01 05:00:00,0,0.0,0,0,1970-01-01 05:00:00,0
2020-10-16 13:07:23,4C:E5,2020-10-16 13:02:45,NORMAL,26.4,40.5,0.0,0,0,1970-01-01 05:00:00,0,0.0,0,0,1970-01-01 05:00:00,0
2020-10-16 13:07:24,4C:E5,2020-10-16 13:02:45,NORMAL,26.4,40.5,0.0,0,0,1970-01-01 05:00:00,0,0.0,0,0,1970-01-01 05:00:00,0
2020-10-16 13:07:25,4C:E5,2020-10-16 13:02:45,NORMAL,26.4,40.6,0.0,0,0,1970-01-01 05:00:00,0,0.0,0,0,1970-01-01 05:00:00,0
2020-10-16 13:07:26,4C:E5,2020-10-16 13:02:45,NORMAL,26.4,40.6,0.0,0,0,1970-01-01 05:00:00,0,0.0,0,0,1970-01-01 05:00:00,0
2020-10-16 13:07:27,4C:E5,2020-10-16 13:02:45,NORMAL,26.4,40.6,0.0,0,0,1970-01-01 05:00:00,0,0.0,0,0,1970-01-01 05:00:00,0
2020-10-16 13:07:28,4C:E5,2020-10-16 13:02:45,NORMAL,26.4,40.6,0.0,0,0,1970-01-01 05:00:00,0,0.0,0,0,1970-01-01 05:00:00,0
2020-10-16 13:07:29,4C:E5,2020-10-16 13:02:45,NORMAL,26.4,40.7,0.0,0,0,1970-01-01 05:00:00,0,0.0,0,0,1970-01-01 05:00:00,0
2020-10-16 13:07:30,4C:E5,2020-10-16 13:02:45,NORMAL,26.4,40.7,0.0,0,0,1970-01-01 05:00:00,0,0.0,0,0,1970-01-01 05:00:00,0
2020-10-16 13:07:31,4C:E5,2020-10-16 13:02:45,NORMAL,26.4,40.7,0.0,0,0,1970-01-01 05:00:00,0,0.0,0,0,1970-01-01 05:00:00,0
2020-10-16 13:07:32,4C:E5,2020-10-16 13:02:45,NORMAL,26.4,40.8,0.0,0,0,1970-01-01 05:00:00,0,0.0,0,0,1970-01-01 05:00:00,0
2020-10-16 13:07:33,4C:E5,2020-10-16 13:02:45,NORMAL,26.4,40.8,0.0,0,0,1970-01-01 05:00:00,0,0.0,0,0,1970-01-01 05:00:00,0
2020-10-16 13:07:34,4C:E5,2020-10-16 13:02:45,NORMAL,26.4,40.8,0.0,0,0,1970-01-01 05:00:00,0,0.0,0,0,1970-01-01 05:00:00,0
2020-10-16 13:07:34,4C:E5,2020-10-16 13:02:45,NORMAL,26.4,40.8,0.0,0,0,1970-01-01 05:00:00,0,0.0,0,0,1970-01-01 05:00:00,0
2020-10-16 13:07:36,4C:E5,2020-10-16 13:02:45,NORMAL,26.3,40.8,0.0,0,0,1970-01-01 05:00:00,0,0.0,0,0,1970-01-01 05:00:00,0
2020-10-16 13:07:36,4C:E5,2020-10-16 13:02:45,NORMAL,26.3,40.8,0.0,0,0,1970-01-01 05:00:00,0,0.0,0,0,1970-01-01 05:00:00,0
2020-10-16 13:07:38,4C:E5,2020-10-16 13:02:45,NORMAL,26.3,40.8,0.0,0,0,1970-01-01 05:00:00,0,0.0,0,0,1970-01-01 05:00:00,0
2020-10-16 13:07:38,4C:E5,2020-10-16 13:02:45,NORMAL,26.4,40.9,0.0,0,0,1970-01-01 05:00:00,0,0.0,0,0,1970-01-01 05:00:00,0
2020-10-16 13:07:40,4C:E5,2020-10-16 13:02:45,NORMAL,26.4,40.9,0.0,0,0,1970-01-01 05:00:00,0,0.0,0,0,1970-01-01 05:00:00,0
2020-10-16 13:07:40,4C:E5,2020-10-16 13:02:45,NORMAL,26.4,40.9,0.0,0,0,1970-01-01 05:00:00,0,0.0,0,0,1970-01-01 05:00:00,0
2020-10-16 13:07:42,4C:E5,2020-10-16 13:02:45,NORMAL,26.4,40.9,0.0,0,0,1970-01-01 05:00:00,0,0.0,0,0,1970-01-01 05:00:00,0
2020-10-16 13:07:42,4C:E5,2020-10-16 13:02:45,NORMAL,26.3,40.9,0.0,0,0,1970-01-01 05:00:00,0,0.0,0,0,1970-01-01 05:00:00,0
2020-10-16 13:07:44,4C:E5,2020-10-16 13:02:45,NORMAL,26.3,40.9,0.0,0,0,1970-01-01 05:00:00,0,0.0,0,0,1970-01-01 05:00:00,0
2020-10-16 13:07:44,4C:E5,2020-10-16 13:02:45,NORMAL,26.3,40.9,0.0,0,0,1970-01-01 05:00:00,0,0.0,0,0,1970-01-01 05:00:00,0
2020-10-16 13:07:46,4C:E5,2020-10-16 13:02:45,NORMAL,26.4,40.9,0.0,0,0,1970-01-01 05:00:00,0,0.0,0,0,1970-01-01 05:00:00,0
2020-10-16 13:07:46,4C:E5,2020-10-16 13:02:45,NORMAL,26.4,40.9,0.0,0,0,1970-01-01 05:00:00,0,0.0,0,0,1970-01-01 05:00:00,0
2020-10-16 13:07:48,4C:E5,2020-10-16 13:02:45,NORMAL,26.4,40.9,0.0,0,0,1970-01-01 05:00:00,0,0.0,0,0,1970-01-01 05:00:00,0
2020-10-16 13:07:48,4C:E5,2020-10-16 13:02:45,NORMAL,26.4,40.9,0.0,0,0,1970-01-01 05:00:00,0,0.0,0,0,1970-01-01 05:00:00,0
2020-10-16 13:07:50,4C:E5,2020-10-16 13:02:45,NORMAL,26.3,40.9,0.0,0,0,1970-01-01 05:00:00,0,0.0,0,0,1970-01-01 05:00:00,0
